{
"type": "FeatureCollection",
"name": "wisatalampung",
"crs": { "type": "name", "properties": { "name": "urn:ogc:def:crs:OGC:1.3:CRS84" } },
"features": [
{"type":"Feature","properties":{"id":"relation/7556764","@id":"relation/7556764","Lapangan":null,"access":null,"addr:city":null,"addr:country":null,"addr:district":null,"addr:full":null,"addr:housename":null,"addr:neighbourhood":null,"addr:postcode":null,"addr:province":null,"addr:street":null,"addr:subdistrict":null,"addr:unit":null,"alt_name":null,"area":null,"boundary":"national_park","building":null,"charge":null,"check_date":null,"description":null,"ele":null,"fee":null,"gns:dsg":null,"historic":null,"inscription":null,"intermittent":null,"landuse":null,"last_eruption":null,"layer":null,"leisure":"zoo","man_made":null,"memorial":null,"museum":null,"name":"Taman Nasional Bukit Barisan Selatan","name:en":"Bukit Barisan Selatan National Park","name:es":null,"name:etymology:wikidata":null,"name:etymology:wikipedia":null,"name:id":null,"name:ms":null,"name:pt":null,"name:sk":null,"natural":null,"kabupaten":null,"note":null,"opening_hours":null,"operator":null,"operator:type":null,"place":null,"prominence":null,"religion":null,"seamark:light:character":null,"seamark:light:colour":null,"seamark:light:height":null,"seamark:light:period":null,"seamark:light:range":null,"seamark:light:reference":null,"seamark:name":null,"smoking":null,"source":null,"sport":null,"surface":null,"tourism":null,"type":"boundary","volcano:status":null,"volcano:type":null,"waterway":null,"website":null,"wikidata":"Q1309771","wikimedia_commons":null,"wikipedia":"en:Bukit Barisan Selatan National Park","@geometry":"center"},"geometry":{"type":"Point","coordinates":[104.0672518,-5.2472777]}},
{"type":"Feature","properties":{"id":"node/545719853","@id":"node/545719853","Lapangan":null,"access":null,"addr:city":null,"addr:country":null,"addr:district":null,"addr:full":null,"addr:housename":null,"addr:neighbourhood":null,"addr:postcode":null,"addr:province":null,"addr:street":null,"addr:subdistrict":null,"addr:unit":null,"alt_name":"Suoh","area":null,"boundary":null,"building":null,"charge":null,"check_date":null,"description":null,"ele":null,"fee":null,"gns:dsg":null,"historic":null,"inscription":null,"intermittent":null,"landuse":null,"last_eruption":"1933","layer":null,"leisure":null,"man_made":null,"memorial":null,"museum":null,"name":"Suoh","name:en":null,"name:es":null,"name:etymology:wikidata":null,"name:etymology:wikipedia":null,"name:id":null,"name:ms":null,"name:pt":null,"name:sk":null,"natural":"volcano","kabupaten":null,"note":null,"opening_hours":null,"operator":null,"operator:type":null,"place":null,"prominence":null,"religion":null,"seamark:light:character":null,"seamark:light:colour":null,"seamark:light:height":null,"seamark:light:period":null,"seamark:light:range":null,"seamark:light:reference":null,"seamark:name":null,"smoking":null,"source":null,"sport":null,"surface":null,"tourism":null,"type":"caldera","volcano:status":null,"volcano:type":null,"waterway":null,"website":null,"wikidata":"Q4178018","wikimedia_commons":"Category:Suoh","wikipedia":"en:Suwoh","@geometry":null},"geometry":{"type":"Point","coordinates":[104.27309,-5.2434828]}},
{"type":"Feature","properties":{"id":"way/546983582","@id":"way/546983582","Lapangan":null,"access":null,"addr:city":null,"addr:country":null,"addr:district":null,"addr:full":null,"addr:housename":null,"addr:neighbourhood":null,"addr:postcode":null,"addr:province":null,"addr:street":null,"addr:subdistrict":null,"addr:unit":null,"alt_name":null,"area":null,"boundary":null,"building":null,"charge":null,"check_date":null,"description":null,"ele":null,"fee":null,"gns:dsg":null,"historic":null,"inscription":null,"intermittent":null,"landuse":null,"last_eruption":null,"layer":null,"leisure":null,"man_made":null,"memorial":null,"museum":null,"name":null,"name:en":null,"name:es":null,"name:etymology:wikidata":null,"name:etymology:wikipedia":null,"name:id":null,"name:ms":null,"name:pt":null,"name:sk":null,"natural":"spring","kabupaten":null,"note":null,"opening_hours":null,"operator":null,"operator:type":null,"place":null,"prominence":null,"religion":null,"seamark:light:character":null,"seamark:light:colour":null,"seamark:light:height":null,"seamark:light:period":null,"seamark:light:range":null,"seamark:light:reference":null,"seamark:name":null,"smoking":null,"source":null,"sport":null,"surface":null,"tourism":null,"type":null,"volcano:status":null,"volcano:type":null,"waterway":null,"website":null,"wikidata":null,"wikimedia_commons":null,"wikipedia":null,"@geometry":"center"},"geometry":{"type":"Point","coordinates":[104.3803563,-5.33846]}},
{"type":"Feature","properties":{"id":"way/546984032","@id":"way/546984032","Lapangan":null,"access":null,"addr:city":null,"addr:country":null,"addr:district":null,"addr:full":null,"addr:housename":null,"addr:neighbourhood":null,"addr:postcode":null,"addr:province":null,"addr:street":null,"addr:subdistrict":null,"addr:unit":null,"alt_name":null,"area":null,"boundary":null,"building":null,"charge":null,"check_date":null,"description":null,"ele":null,"fee":null,"gns:dsg":null,"historic":null,"inscription":null,"intermittent":null,"landuse":null,"last_eruption":null,"layer":null,"leisure":null,"man_made":null,"memorial":null,"museum":null,"name":null,"name:en":null,"name:es":null,"name:etymology:wikidata":null,"name:etymology:wikipedia":null,"name:id":null,"name:ms":null,"name:pt":null,"name:sk":null,"natural":"spring","kabupaten":null,"note":null,"opening_hours":null,"operator":null,"operator:type":null,"place":null,"prominence":null,"religion":null,"seamark:light:character":null,"seamark:light:colour":null,"seamark:light:height":null,"seamark:light:period":null,"seamark:light:range":null,"seamark:light:reference":null,"seamark:name":null,"smoking":null,"source":null,"sport":null,"surface":null,"tourism":null,"type":null,"volcano:status":null,"volcano:type":null,"waterway":null,"website":null,"wikidata":null,"wikimedia_commons":null,"wikipedia":null,"@geometry":"center"},"geometry":{"type":"Point","coordinates":[104.377154,-5.3367665]}},
{"type":"Feature","properties":{"id":"way/648193755","@id":"way/648193755","Lapangan":"Ruang Evakuasi Bencana","access":null,"addr:city":null,"addr:country":null,"addr:district":null,"addr:full":null,"addr:housename":null,"addr:neighbourhood":null,"addr:postcode":null,"addr:province":null,"addr:street":null,"addr:subdistrict":null,"addr:unit":null,"alt_name":null,"area":null,"boundary":null,"building":null,"charge":null,"check_date":null,"description":null,"ele":null,"fee":null,"gns:dsg":null,"historic":null,"inscription":null,"intermittent":null,"landuse":null,"last_eruption":null,"layer":null,"leisure":"park","man_made":null,"memorial":null,"museum":null,"name":null,"name:en":null,"name:es":null,"name:etymology:wikidata":null,"name:etymology:wikipedia":null,"name:id":null,"name:ms":null,"name:pt":null,"name:sk":null,"natural":null,"kabupaten":null,"note":null,"opening_hours":null,"operator":null,"operator:type":null,"place":null,"prominence":null,"religion":null,"seamark:light:character":null,"seamark:light:colour":null,"seamark:light:height":null,"seamark:light:period":null,"seamark:light:range":null,"seamark:light:reference":null,"seamark:name":null,"smoking":null,"source":null,"sport":null,"surface":null,"tourism":null,"type":null,"volcano:status":null,"volcano:type":null,"waterway":null,"website":null,"wikidata":null,"wikimedia_commons":null,"wikipedia":null,"@geometry":"center"},"geometry":{"type":"Point","coordinates":[104.0738077,-5.0328313]}},
{"type":"Feature","properties":{"id":"way/652445818","@id":"way/652445818","Lapangan":null,"access":null,"addr:city":null,"addr:country":null,"addr:district":null,"addr:full":null,"addr:housename":null,"addr:neighbourhood":null,"addr:postcode":null,"addr:province":null,"addr:street":null,"addr:subdistrict":null,"addr:unit":null,"alt_name":null,"area":null,"boundary":null,"building":"yes","charge":null,"check_date":null,"description":null,"ele":null,"fee":null,"gns:dsg":null,"historic":"archaeological_site","inscription":null,"intermittent":null,"landuse":null,"last_eruption":null,"layer":null,"leisure":"museum","man_made":null,"memorial":null,"museum":null,"name":"Cagar Budaya Sipahit Lidah","name:en":null,"name:es":null,"name:etymology:wikidata":null,"name:etymology:wikipedia":null,"name:id":null,"name:ms":null,"name:pt":null,"name:sk":null,"natural":null,"kabupaten":null,"note":null,"opening_hours":null,"operator":null,"operator:type":null,"place":null,"prominence":null,"religion":null,"seamark:light:character":null,"seamark:light:colour":null,"seamark:light:height":null,"seamark:light:period":null,"seamark:light:range":null,"seamark:light:reference":null,"seamark:name":null,"smoking":null,"source":null,"sport":null,"surface":null,"tourism":null,"type":null,"volcano:status":null,"volcano:type":null,"waterway":null,"website":null,"wikidata":null,"wikimedia_commons":null,"wikipedia":null,"@geometry":"center"},"geometry":{"type":"Point","coordinates":[103.8839847,-4.9332704]}},
{"type":"Feature","properties":{"id":"way/736938240","@id":"way/736938240","Lapangan":null,"access":null,"addr:city":null,"addr:country":null,"addr:district":null,"addr:full":null,"addr:housename":null,"addr:neighbourhood":null,"addr:postcode":null,"addr:province":null,"addr:street":null,"addr:subdistrict":null,"addr:unit":null,"alt_name":null,"area":null,"boundary":null,"building":null,"charge":null,"check_date":null,"description":null,"ele":null,"fee":null,"gns:dsg":null,"historic":null,"inscription":null,"intermittent":null,"landuse":"lapangan kecamatan BNS","last_eruption":null,"layer":null,"leisure":"park","man_made":null,"memorial":null,"museum":null,"name":"Lapangan Kecamatan BNS","name:en":null,"name:es":null,"name:etymology:wikidata":null,"name:etymology:wikipedia":null,"name:id":null,"name:ms":null,"name:pt":null,"name:sk":null,"natural":null,"kabupaten":null,"note":null,"opening_hours":null,"operator":null,"operator:type":null,"place":null,"prominence":null,"religion":null,"seamark:light:character":null,"seamark:light:colour":null,"seamark:light:height":null,"seamark:light:period":null,"seamark:light:range":null,"seamark:light:reference":null,"seamark:name":null,"smoking":null,"source":null,"sport":null,"surface":null,"tourism":null,"type":null,"volcano:status":null,"volcano:type":null,"waterway":null,"website":null,"wikidata":null,"wikimedia_commons":null,"wikipedia":null,"@geometry":"center"},"geometry":{"type":"Point","coordinates":[104.3032221,-5.2426732]}},
{"type":"Feature","properties":{"id":"node/1070155310","@id":"node/1070155310","Lapangan":null,"access":null,"addr:city":null,"addr:country":null,"addr:district":null,"addr:full":null,"addr:housename":null,"addr:neighbourhood":null,"addr:postcode":null,"addr:province":null,"addr:street":null,"addr:subdistrict":null,"addr:unit":null,"alt_name":null,"area":null,"boundary":null,"building":null,"charge":null,"check_date":null,"description":null,"ele":null,"fee":null,"gns:dsg":"MT","historic":null,"inscription":null,"intermittent":null,"landuse":null,"last_eruption":null,"layer":null,"leisure":"bukit","man_made":null,"memorial":null,"museum":null,"name":"Bukit Rindingan","name:en":null,"name:es":null,"name:etymology:wikidata":null,"name:etymology:wikipedia":null,"name:id":null,"name:ms":null,"name:pt":null,"name:sk":null,"natural":"peak","kabupaten":null,"note":"Modify date: 1994-01-29","opening_hours":null,"operator":null,"operator:type":null,"place":null,"prominence":null,"religion":null,"seamark:light:character":null,"seamark:light:colour":null,"seamark:light:height":null,"seamark:light:period":null,"seamark:light:range":null,"seamark:light:reference":null,"seamark:name":null,"smoking":null,"source":"NGA-GNS","sport":null,"surface":null,"tourism":null,"type":null,"volcano:status":null,"volcano:type":null,"waterway":null,"website":null,"wikidata":null,"wikimedia_commons":null,"wikipedia":null,"@geometry":null},"geometry":{"type":"Point","coordinates":[104.583333,-5.25]}},
{"type":"Feature","properties":{"id":"node/1070156683","@id":"node/1070156683","Lapangan":null,"access":null,"addr:city":null,"addr:country":null,"addr:district":null,"addr:full":null,"addr:housename":null,"addr:neighbourhood":null,"addr:postcode":null,"addr:province":null,"addr:street":null,"addr:subdistrict":null,"addr:unit":null,"alt_name":null,"area":null,"boundary":null,"building":null,"charge":null,"check_date":null,"description":null,"ele":null,"fee":null,"gns:dsg":"MT","historic":null,"inscription":null,"intermittent":null,"landuse":null,"last_eruption":null,"layer":null,"leisure":"mount","man_made":null,"memorial":null,"museum":null,"name":"Gunung Pugung","name:en":null,"name:es":null,"name:etymology:wikidata":null,"name:etymology:wikipedia":null,"name:id":null,"name:ms":null,"name:pt":null,"name:sk":null,"natural":"peak","kabupaten":null,"note":"Modify date: 1994-01-29","opening_hours":null,"operator":null,"operator:type":null,"place":null,"prominence":null,"religion":null,"seamark:light:character":null,"seamark:light:colour":null,"seamark:light:height":null,"seamark:light:period":null,"seamark:light:range":null,"seamark:light:reference":null,"seamark:name":null,"smoking":null,"source":"NGA-GNS","sport":null,"surface":null,"tourism":null,"type":null,"volcano:status":null,"volcano:type":null,"waterway":null,"website":null,"wikidata":null,"wikimedia_commons":null,"wikipedia":null,"@geometry":null},"geometry":{"type":"Point","coordinates":[103.866667,-4.983333]}},
{"type":"Feature","properties":{"id":"node/1070156733","@id":"node/1070156733","Lapangan":null,"access":null,"addr:city":null,"addr:country":null,"addr:district":null,"addr:full":null,"addr:housename":null,"addr:neighbourhood":null,"addr:postcode":null,"addr:province":null,"addr:street":null,"addr:subdistrict":null,"addr:unit":null,"alt_name":null,"area":null,"boundary":null,"building":null,"charge":null,"check_date":null,"description":null,"ele":null,"fee":null,"gns:dsg":"MT","historic":null,"inscription":null,"intermittent":null,"landuse":null,"last_eruption":null,"layer":null,"leisure":null,"man_made":null,"memorial":null,"museum":null,"name":"Pematang Sulah","name:en":null,"name:es":null,"name:etymology:wikidata":null,"name:etymology:wikipedia":null,"name:id":null,"name:ms":null,"name:pt":null,"name:sk":null,"natural":"peak","kabupaten":null,"note":"Modify date: 1994-01-29","opening_hours":null,"operator":null,"operator:type":null,"place":null,"prominence":null,"religion":null,"seamark:light:character":null,"seamark:light:colour":null,"seamark:light:height":null,"seamark:light:period":null,"seamark:light:range":null,"seamark:light:reference":null,"seamark:name":null,"smoking":null,"source":"NGA-GNS","sport":null,"surface":null,"tourism":null,"type":null,"volcano:status":null,"volcano:type":null,"waterway":null,"website":null,"wikidata":null,"wikimedia_commons":null,"wikipedia":null,"@geometry":null},"geometry":{"type":"Point","coordinates":[104.516667,-5.316667]}},
{"type":"Feature","properties":{"id":"node/1070158490","@id":"node/1070158490","Lapangan":null,"access":null,"addr:city":null,"addr:country":null,"addr:district":null,"addr:full":null,"addr:housename":null,"addr:neighbourhood":null,"addr:postcode":null,"addr:province":null,"addr:street":null,"addr:subdistrict":null,"addr:unit":null,"alt_name":null,"area":null,"boundary":null,"building":null,"charge":null,"check_date":null,"description":null,"ele":null,"fee":null,"gns:dsg":"MT","historic":null,"inscription":null,"intermittent":null,"landuse":null,"last_eruption":null,"layer":null,"leisure":"mount","man_made":null,"memorial":null,"museum":null,"name":"Base Camp Gunung Seminung","name:en":null,"name:es":null,"name:etymology:wikidata":null,"name:etymology:wikipedia":null,"name:id":null,"name:ms":null,"name:pt":null,"name:sk":null,"natural":"peak","kabupaten":null,"note":"Modify date: 1994-01-29","opening_hours":null,"operator":null,"operator:type":null,"place":null,"prominence":null,"religion":null,"seamark:light:character":null,"seamark:light:colour":null,"seamark:light:height":null,"seamark:light:period":null,"seamark:light:range":null,"seamark:light:reference":null,"seamark:name":null,"smoking":null,"source":"NGA-GNS","sport":null,"surface":null,"tourism":null,"type":null,"volcano:status":null,"volcano:type":null,"waterway":null,"website":null,"wikidata":null,"wikimedia_commons":null,"wikipedia":null,"@geometry":null},"geometry":{"type":"Point","coordinates":[103.966667,-4.933333]}},
{"type":"Feature","properties":{"id":"node/1070162699","@id":"node/1070162699","Lapangan":null,"access":null,"addr:city":null,"addr:country":null,"addr:district":null,"addr:full":null,"addr:housename":null,"addr:neighbourhood":null,"addr:postcode":null,"addr:province":null,"addr:street":null,"addr:subdistrict":null,"addr:unit":null,"alt_name":null,"area":null,"boundary":null,"building":null,"charge":null,"check_date":null,"description":null,"ele":null,"fee":null,"gns:dsg":"MT","historic":null,"inscription":null,"intermittent":null,"landuse":null,"last_eruption":null,"layer":null,"leisure":null,"man_made":null,"memorial":null,"museum":null,"name":"Tangkit Tebak","name:en":null,"name:es":null,"name:etymology:wikidata":null,"name:etymology:wikipedia":null,"name:id":null,"name:ms":null,"name:pt":null,"name:sk":null,"natural":"peak","kabupaten":null,"note":"Modify date: 1994-01-29","opening_hours":null,"operator":null,"operator:type":null,"place":null,"prominence":null,"religion":null,"seamark:light:character":null,"seamark:light:colour":null,"seamark:light:height":null,"seamark:light:period":null,"seamark:light:range":null,"seamark:light:reference":null,"seamark:name":null,"smoking":null,"source":"NGA-GNS","sport":null,"surface":null,"tourism":null,"type":null,"volcano:status":null,"volcano:type":null,"waterway":null,"website":null,"wikidata":null,"wikimedia_commons":null,"wikipedia":null,"@geometry":null},"geometry":{"type":"Point","coordinates":[104.566667,-5.016667]}},
{"type":"Feature","properties":{"id":"node/1070162811","@id":"node/1070162811","Lapangan":null,"access":null,"addr:city":null,"addr:country":null,"addr:district":null,"addr:full":null,"addr:housename":null,"addr:neighbourhood":null,"addr:postcode":null,"addr:province":null,"addr:street":null,"addr:subdistrict":null,"addr:unit":null,"alt_name":null,"area":null,"boundary":null,"building":null,"charge":null,"check_date":null,"description":null,"ele":null,"fee":null,"gns:dsg":"MT","historic":null,"inscription":null,"intermittent":null,"landuse":null,"last_eruption":null,"layer":null,"leisure":"bukit","man_made":null,"memorial":null,"museum":null,"name":"Bukit Bawangucung","name:en":null,"name:es":null,"name:etymology:wikidata":null,"name:etymology:wikipedia":null,"name:id":null,"name:ms":null,"name:pt":null,"name:sk":null,"natural":"peak","kabupaten":null,"note":"Modify date: 1994-01-29","opening_hours":null,"operator":null,"operator:type":null,"place":null,"prominence":null,"religion":null,"seamark:light:character":null,"seamark:light:colour":null,"seamark:light:height":null,"seamark:light:period":null,"seamark:light:range":null,"seamark:light:reference":null,"seamark:name":null,"smoking":null,"source":"NGA-GNS","sport":null,"surface":null,"tourism":null,"type":null,"volcano:status":null,"volcano:type":null,"waterway":null,"website":null,"wikidata":null,"wikimedia_commons":null,"wikipedia":null,"@geometry":null},"geometry":{"type":"Point","coordinates":[104.316667,-5.333333]}},
{"type":"Feature","properties":{"id":"node/1070167285","@id":"node/1070167285","Lapangan":null,"access":null,"addr:city":null,"addr:country":null,"addr:district":null,"addr:full":null,"addr:housename":null,"addr:neighbourhood":null,"addr:postcode":null,"addr:province":null,"addr:street":null,"addr:subdistrict":null,"addr:unit":null,"alt_name":null,"area":null,"boundary":null,"building":null,"charge":null,"check_date":null,"description":null,"ele":null,"fee":null,"gns:dsg":"MT","historic":null,"inscription":null,"intermittent":null,"landuse":null,"last_eruption":null,"layer":null,"leisure":"mount","man_made":null,"memorial":null,"museum":null,"name":"Gunung Pesagi","name:en":null,"name:es":null,"name:etymology:wikidata":null,"name:etymology:wikipedia":null,"name:id":null,"name:ms":null,"name:pt":null,"name:sk":null,"natural":"peak","kabupaten":null,"note":"Modify date: 1994-01-29","opening_hours":null,"operator":null,"operator:type":null,"place":null,"prominence":null,"religion":null,"seamark:light:character":null,"seamark:light:colour":null,"seamark:light:height":null,"seamark:light:period":null,"seamark:light:range":null,"seamark:light:reference":null,"seamark:name":null,"smoking":null,"source":"NGA-GNS","sport":null,"surface":null,"tourism":null,"type":null,"volcano:status":null,"volcano:type":null,"waterway":null,"website":null,"wikidata":null,"wikimedia_commons":null,"wikipedia":null,"@geometry":null},"geometry":{"type":"Point","coordinates":[104.1328339,-4.926663]}},
{"type":"Feature","properties":{"id":"node/1070179580","@id":"node/1070179580","Lapangan":null,"access":null,"addr:city":null,"addr:country":null,"addr:district":null,"addr:full":null,"addr:housename":null,"addr:neighbourhood":null,"addr:postcode":null,"addr:province":null,"addr:street":null,"addr:subdistrict":null,"addr:unit":null,"alt_name":null,"area":null,"boundary":null,"building":null,"charge":null,"check_date":null,"description":null,"ele":null,"fee":null,"gns:dsg":"MT","historic":null,"inscription":null,"intermittent":null,"landuse":null,"last_eruption":null,"layer":null,"leisure":"bukit","man_made":null,"memorial":null,"museum":null,"name":"Bukit Sipulang","name:en":null,"name:es":null,"name:etymology:wikidata":null,"name:etymology:wikipedia":null,"name:id":null,"name:ms":null,"name:pt":null,"name:sk":null,"natural":"peak","kabupaten":null,"note":"Modify date: 1994-01-29","opening_hours":null,"operator":null,"operator:type":null,"place":null,"prominence":null,"religion":null,"seamark:light:character":null,"seamark:light:colour":null,"seamark:light:height":null,"seamark:light:period":null,"seamark:light:range":null,"seamark:light:reference":null,"seamark:name":null,"smoking":null,"source":"NGA-GNS","sport":null,"surface":null,"tourism":null,"type":null,"volcano:status":null,"volcano:type":null,"waterway":null,"website":null,"wikidata":null,"wikimedia_commons":null,"wikipedia":null,"@geometry":null},"geometry":{"type":"Point","coordinates":[104.066667,-5.05]}},
{"type":"Feature","properties":{"id":"node/1070181640","@id":"node/1070181640","Lapangan":null,"access":null,"addr:city":null,"addr:country":null,"addr:district":null,"addr:full":null,"addr:housename":null,"addr:neighbourhood":null,"addr:postcode":null,"addr:province":null,"addr:street":null,"addr:subdistrict":null,"addr:unit":null,"alt_name":null,"area":null,"boundary":null,"building":null,"charge":null,"check_date":null,"description":null,"ele":null,"fee":null,"gns:dsg":"MT","historic":null,"inscription":null,"intermittent":null,"landuse":null,"last_eruption":null,"layer":null,"leisure":"mount","man_made":null,"memorial":null,"museum":null,"name":"Gunung Sekincau","name:en":null,"name:es":null,"name:etymology:wikidata":null,"name:etymology:wikipedia":null,"name:id":null,"name:ms":null,"name:pt":null,"name:sk":null,"natural":"peak","kabupaten":null,"note":"Modify date: 1994-01-29","opening_hours":null,"operator":null,"operator:type":null,"place":null,"prominence":null,"religion":null,"seamark:light:character":null,"seamark:light:colour":null,"seamark:light:height":null,"seamark:light:period":null,"seamark:light:range":null,"seamark:light:reference":null,"seamark:name":null,"smoking":null,"source":"NGA-GNS","sport":null,"surface":null,"tourism":null,"type":null,"volcano:status":null,"volcano:type":null,"waterway":null,"website":null,"wikidata":null,"wikimedia_commons":null,"wikipedia":null,"@geometry":null},"geometry":{"type":"Point","coordinates":[104.3,-5.083333]}},
{"type":"Feature","properties":{"id":"node/1070182672","@id":"node/1070182672","Lapangan":null,"access":null,"addr:city":null,"addr:country":null,"addr:district":null,"addr:full":null,"addr:housename":null,"addr:neighbourhood":null,"addr:postcode":null,"addr:province":null,"addr:street":null,"addr:subdistrict":null,"addr:unit":null,"alt_name":null,"area":null,"boundary":null,"building":null,"charge":null,"check_date":null,"description":null,"ele":null,"fee":null,"gns:dsg":"MT","historic":null,"inscription":null,"intermittent":null,"landuse":null,"last_eruption":null,"layer":null,"leisure":null,"man_made":null,"memorial":null,"museum":null,"name":"Hulu Mayus","name:en":null,"name:es":null,"name:etymology:wikidata":null,"name:etymology:wikipedia":null,"name:id":null,"name:ms":null,"name:pt":null,"name:sk":null,"natural":"peak","kabupaten":null,"note":"Modify date: 1994-01-29","opening_hours":null,"operator":null,"operator:type":null,"place":null,"prominence":null,"religion":null,"seamark:light:character":null,"seamark:light:colour":null,"seamark:light:height":null,"seamark:light:period":null,"seamark:light:range":null,"seamark:light:reference":null,"seamark:name":null,"smoking":null,"source":"NGA-GNS","sport":null,"surface":null,"tourism":null,"type":null,"volcano:status":null,"volcano:type":null,"waterway":null,"website":null,"wikidata":null,"wikimedia_commons":null,"wikipedia":null,"@geometry":null},"geometry":{"type":"Point","coordinates":[104.35,-4.883333]}},
{"type":"Feature","properties":{"id":"node/1070187400","@id":"node/1070187400","Lapangan":null,"access":null,"addr:city":null,"addr:country":null,"addr:district":null,"addr:full":null,"addr:housename":null,"addr:neighbourhood":null,"addr:postcode":null,"addr:province":null,"addr:street":null,"addr:subdistrict":null,"addr:unit":null,"alt_name":null,"area":null,"boundary":null,"building":null,"charge":null,"check_date":null,"description":null,"ele":null,"fee":null,"gns:dsg":"MT","historic":null,"inscription":null,"intermittent":null,"landuse":null,"last_eruption":null,"layer":null,"leisure":"bukit","man_made":null,"memorial":null,"museum":null,"name":"Bukit Penetoh","name:en":null,"name:es":null,"name:etymology:wikidata":null,"name:etymology:wikipedia":null,"name:id":null,"name:ms":null,"name:pt":null,"name:sk":null,"natural":"peak","kabupaten":null,"note":"Modify date: 1994-01-29","opening_hours":null,"operator":null,"operator:type":null,"place":null,"prominence":null,"religion":null,"seamark:light:character":null,"seamark:light:colour":null,"seamark:light:height":null,"seamark:light:period":null,"seamark:light:range":null,"seamark:light:reference":null,"seamark:name":null,"smoking":null,"source":"NGA-GNS","sport":null,"surface":null,"tourism":null,"type":null,"volcano:status":null,"volcano:type":null,"waterway":null,"website":null,"wikidata":"Q24847243","wikimedia_commons":null,"wikipedia":null,"@geometry":null},"geometry":{"type":"Point","coordinates":[104.2,-5.183333]}},
{"type":"Feature","properties":{"id":"node/2180836991","@id":"node/2180836991","Lapangan":null,"access":null,"addr:city":null,"addr:country":null,"addr:district":null,"addr:full":null,"addr:housename":null,"addr:neighbourhood":null,"addr:postcode":null,"addr:province":null,"addr:street":null,"addr:subdistrict":null,"addr:unit":null,"alt_name":null,"area":null,"boundary":null,"building":null,"charge":null,"check_date":null,"description":null,"ele":null,"fee":null,"gns:dsg":null,"historic":null,"inscription":null,"intermittent":null,"landuse":null,"last_eruption":null,"layer":null,"leisure":null,"man_made":null,"memorial":null,"museum":null,"name":null,"name:en":null,"name:es":null,"name:etymology:wikidata":null,"name:etymology:wikipedia":null,"name:id":null,"name:ms":null,"name:pt":null,"name:sk":null,"natural":"peak","kabupaten":null,"note":null,"opening_hours":null,"operator":null,"operator:type":null,"place":null,"prominence":null,"religion":null,"seamark:light:character":null,"seamark:light:colour":null,"seamark:light:height":null,"seamark:light:period":null,"seamark:light:range":null,"seamark:light:reference":null,"seamark:name":null,"smoking":null,"source":null,"sport":null,"surface":null,"tourism":null,"type":null,"volcano:status":null,"volcano:type":null,"waterway":null,"website":null,"wikidata":null,"wikimedia_commons":null,"wikipedia":null,"@geometry":null},"geometry":{"type":"Point","coordinates":[104.456432,-4.9307538]}},
{"type":"Feature","properties":{"id":"node/3891186310","@id":"node/3891186310","Lapangan":null,"access":null,"addr:city":null,"addr:country":null,"addr:district":null,"addr:full":null,"addr:housename":null,"addr:neighbourhood":null,"addr:postcode":null,"addr:province":null,"addr:street":null,"addr:subdistrict":null,"addr:unit":null,"alt_name":null,"area":null,"boundary":null,"building":null,"charge":null,"check_date":null,"description":null,"ele":"1719","fee":null,"gns:dsg":null,"historic":null,"inscription":null,"intermittent":null,"landuse":null,"last_eruption":null,"layer":null,"leisure":null,"man_made":null,"memorial":null,"museum":null,"name":"Sekincau Belirang","name:en":null,"name:es":null,"name:etymology:wikidata":null,"name:etymology:wikipedia":null,"name:id":null,"name:ms":null,"name:pt":null,"name:sk":null,"natural":"volcano","kabupaten":null,"note":null,"opening_hours":null,"operator":null,"operator:type":null,"place":null,"prominence":null,"religion":null,"seamark:light:character":null,"seamark:light:colour":null,"seamark:light:height":null,"seamark:light:period":null,"seamark:light:range":null,"seamark:light:reference":null,"seamark:name":null,"smoking":null,"source":null,"sport":null,"surface":null,"tourism":null,"type":null,"volcano:status":null,"volcano:type":null,"waterway":null,"website":null,"wikidata":"Q4180786","wikimedia_commons":null,"wikipedia":"en:Mount Sekincau","@geometry":null},"geometry":{"type":"Point","coordinates":[104.3192231,-5.0942656]}},
{"type":"Feature","properties":{"id":"node/4317968871","@id":"node/4317968871","Lapangan":null,"access":null,"addr:city":null,"addr:country":null,"addr:district":null,"addr:full":null,"addr:housename":null,"addr:neighbourhood":null,"addr:postcode":null,"addr:province":null,"addr:street":null,"addr:subdistrict":null,"addr:unit":null,"alt_name":null,"area":null,"boundary":null,"building":null,"charge":null,"check_date":null,"description":null,"ele":null,"fee":null,"gns:dsg":null,"historic":null,"inscription":null,"intermittent":null,"landuse":null,"last_eruption":null,"layer":null,"leisure":null,"man_made":null,"memorial":null,"museum":null,"name":null,"name:en":null,"name:es":null,"name:etymology:wikidata":null,"name:etymology:wikipedia":null,"name:id":null,"name:ms":null,"name:pt":null,"name:sk":null,"natural":"peak","kabupaten":null,"note":null,"opening_hours":null,"operator":null,"operator:type":null,"place":null,"prominence":null,"religion":null,"seamark:light:character":null,"seamark:light:colour":null,"seamark:light:height":null,"seamark:light:period":null,"seamark:light:range":null,"seamark:light:reference":null,"seamark:name":null,"smoking":null,"source":null,"sport":null,"surface":null,"tourism":null,"type":null,"volcano:status":null,"volcano:type":null,"waterway":null,"website":null,"wikidata":null,"wikimedia_commons":null,"wikipedia":null,"@geometry":null},"geometry":{"type":"Point","coordinates":[103.8584918,-4.9529435]}},
{"type":"Feature","properties":{"id":"node/5305207838","@id":"node/5305207838","Lapangan":null,"access":null,"addr:city":"Lampung_Barat","addr:country":null,"addr:district":null,"addr:full":"Sukamarga","addr:housename":null,"addr:neighbourhood":null,"addr:postcode":null,"addr:province":null,"addr:street":null,"addr:subdistrict":null,"addr:unit":null,"alt_name":null,"area":null,"boundary":null,"building":null,"charge":null,"check_date":null,"description":null,"ele":null,"fee":null,"gns:dsg":null,"historic":null,"inscription":null,"intermittent":null,"landuse":null,"last_eruption":null,"layer":null,"leisure":"nature_reserve","man_made":null,"memorial":null,"museum":null,"name":"keramikan","name:en":null,"name:es":null,"name:etymology:wikidata":null,"name:etymology:wikipedia":null,"name:id":null,"name:ms":null,"name:pt":null,"name:sk":null,"natural":null,"kabupaten":null,"note":null,"opening_hours":null,"operator":null,"operator:type":null,"place":null,"prominence":null,"religion":null,"seamark:light:character":null,"seamark:light:colour":null,"seamark:light:height":null,"seamark:light:period":null,"seamark:light:range":null,"seamark:light:reference":null,"seamark:name":null,"smoking":null,"source":"survey","sport":null,"surface":null,"tourism":null,"type":null,"volcano:status":null,"volcano:type":null,"waterway":null,"website":null,"wikidata":null,"wikimedia_commons":null,"wikipedia":null,"@geometry":null},"geometry":{"type":"Point","coordinates":[104.2634549,-5.2393322]}},
{"type":"Feature","properties":{"id":"node/5305207839","@id":"node/5305207839","Lapangan":null,"access":null,"addr:city":"Lampung_Barat","addr:country":null,"addr:district":null,"addr:full":"pemangku kalibata","addr:housename":null,"addr:neighbourhood":null,"addr:postcode":null,"addr:province":null,"addr:street":null,"addr:subdistrict":null,"addr:unit":null,"alt_name":null,"area":null,"boundary":null,"building":null,"charge":null,"check_date":null,"description":null,"ele":null,"fee":null,"gns:dsg":null,"historic":null,"inscription":null,"intermittent":null,"landuse":null,"last_eruption":null,"layer":null,"leisure":"nature_reserve","man_made":null,"memorial":null,"museum":null,"name":"Wisata Panas Bumi Nirwana","name:en":null,"name:es":null,"name:etymology:wikidata":null,"name:etymology:wikipedia":null,"name:id":null,"name:ms":null,"name:pt":null,"name:sk":null,"natural":null,"kabupaten":null,"note":null,"opening_hours":null,"operator":null,"operator:type":null,"place":null,"prominence":null,"religion":null,"seamark:light:character":null,"seamark:light:colour":null,"seamark:light:height":null,"seamark:light:period":null,"seamark:light:range":null,"seamark:light:reference":null,"seamark:name":null,"smoking":null,"source":"survey","sport":null,"surface":null,"tourism":null,"type":null,"volcano:status":null,"volcano:type":null,"waterway":null,"website":null,"wikidata":null,"wikimedia_commons":null,"wikipedia":null,"@geometry":null},"geometry":{"type":"Point","coordinates":[104.2588699,-5.2367449]}},
{"type":"Feature","properties":{"id":"node/6126544273","@id":"node/6126544273","Lapangan":null,"access":null,"addr:city":null,"addr:country":null,"addr:district":null,"addr:full":null,"addr:housename":null,"addr:neighbourhood":null,"addr:postcode":null,"addr:province":null,"addr:street":null,"addr:subdistrict":null,"addr:unit":null,"alt_name":null,"area":null,"boundary":null,"building":null,"charge":null,"check_date":null,"description":null,"ele":null,"fee":null,"gns:dsg":null,"historic":null,"inscription":null,"intermittent":null,"landuse":null,"last_eruption":null,"layer":null,"leisure":"waterfall","man_made":null,"memorial":null,"museum":null,"name":"Air terjun Bidadari","name:en":null,"name:es":null,"name:etymology:wikidata":null,"name:etymology:wikipedia":null,"name:id":null,"name:ms":null,"name:pt":null,"name:sk":null,"natural":null,"kabupaten":null,"note":null,"opening_hours":null,"operator":null,"operator:type":null,"place":null,"prominence":null,"religion":null,"seamark:light:character":null,"seamark:light:colour":null,"seamark:light:height":null,"seamark:light:period":null,"seamark:light:range":null,"seamark:light:reference":null,"seamark:name":null,"smoking":null,"source":null,"sport":null,"surface":null,"tourism":null,"type":null,"volcano:status":null,"volcano:type":null,"waterway":"waterfall","website":null,"wikidata":null,"wikimedia_commons":null,"wikipedia":null,"@geometry":null},"geometry":{"type":"Point","coordinates":[103.8257749,-4.9246087]}},
{"type":"Feature","properties":{"id":"node/6126727719","@id":"node/6126727719","Lapangan":null,"access":null,"addr:city":null,"addr:country":null,"addr:district":null,"addr:full":null,"addr:housename":null,"addr:neighbourhood":null,"addr:postcode":null,"addr:province":null,"addr:street":null,"addr:subdistrict":null,"addr:unit":null,"alt_name":null,"area":null,"boundary":null,"building":null,"charge":null,"check_date":null,"description":null,"ele":null,"fee":null,"gns:dsg":null,"historic":null,"inscription":null,"intermittent":null,"landuse":null,"last_eruption":null,"layer":null,"leisure":"waterfall","man_made":null,"memorial":null,"museum":null,"name":"AIR TERJUN","name:en":null,"name:es":null,"name:etymology:wikidata":null,"name:etymology:wikipedia":null,"name:id":null,"name:ms":null,"name:pt":null,"name:sk":null,"natural":null,"kabupaten":null,"note":null,"opening_hours":null,"operator":null,"operator:type":null,"place":null,"prominence":null,"religion":null,"seamark:light:character":null,"seamark:light:colour":null,"seamark:light:height":null,"seamark:light:period":null,"seamark:light:range":null,"seamark:light:reference":null,"seamark:name":null,"smoking":null,"source":null,"sport":null,"surface":null,"tourism":null,"type":null,"volcano:status":null,"volcano:type":null,"waterway":"waterfall","website":null,"wikidata":null,"wikimedia_commons":null,"wikipedia":null,"@geometry":null},"geometry":{"type":"Point","coordinates":[104.1956663,-5.1059692]}},
{"type":"Feature","properties":{"id":"node/8868664217","@id":"node/8868664217","Lapangan":null,"access":null,"addr:city":null,"addr:country":null,"addr:district":null,"addr:full":null,"addr:housename":null,"addr:neighbourhood":null,"addr:postcode":null,"addr:province":null,"addr:street":null,"addr:subdistrict":null,"addr:unit":null,"alt_name":null,"area":null,"boundary":null,"building":null,"charge":null,"check_date":null,"description":null,"ele":null,"fee":null,"gns:dsg":null,"historic":null,"inscription":null,"intermittent":null,"landuse":null,"last_eruption":null,"layer":null,"leisure":"mount","man_made":null,"memorial":null,"museum":null,"name":"Gunung Seminung","name:en":null,"name:es":null,"name:etymology:wikidata":null,"name:etymology:wikipedia":null,"name:id":null,"name:ms":null,"name:pt":null,"name:sk":null,"natural":"peak","kabupaten":null,"note":null,"opening_hours":null,"operator":null,"operator:type":null,"place":null,"prominence":null,"religion":null,"seamark:light:character":null,"seamark:light:colour":null,"seamark:light:height":null,"seamark:light:period":null,"seamark:light:range":null,"seamark:light:reference":null,"seamark:name":null,"smoking":null,"source":null,"sport":null,"surface":null,"tourism":null,"type":null,"volcano:status":null,"volcano:type":null,"waterway":null,"website":null,"wikidata":null,"wikimedia_commons":null,"wikipedia":null,"@geometry":null},"geometry":{"type":"Point","coordinates":[103.9631612,-4.9120602]}},
{"type":"Feature","properties":{"id":"node/8868664219","@id":"node/8868664219","Lapangan":null,"access":null,"addr:city":null,"addr:country":null,"addr:district":null,"addr:full":null,"addr:housename":null,"addr:neighbourhood":null,"addr:postcode":null,"addr:province":null,"addr:street":null,"addr:subdistrict":null,"addr:unit":null,"alt_name":null,"area":null,"boundary":null,"building":null,"charge":null,"check_date":null,"description":null,"ele":"POS 3 untuk menuju gunung seminung","fee":null,"gns:dsg":null,"historic":null,"inscription":null,"intermittent":null,"landuse":null,"last_eruption":null,"layer":null,"leisure":null,"man_made":null,"memorial":null,"museum":null,"name":"POS 3","name:en":null,"name:es":null,"name:etymology:wikidata":null,"name:etymology:wikipedia":null,"name:id":null,"name:ms":null,"name:pt":null,"name:sk":null,"natural":"peak","kabupaten":null,"note":null,"opening_hours":null,"operator":null,"operator:type":null,"place":null,"prominence":null,"religion":null,"seamark:light:character":null,"seamark:light:colour":null,"seamark:light:height":null,"seamark:light:period":null,"seamark:light:range":null,"seamark:light:reference":null,"seamark:name":null,"smoking":null,"source":null,"sport":null,"surface":null,"tourism":null,"type":null,"volcano:status":null,"volcano:type":null,"waterway":null,"website":null,"wikidata":null,"wikimedia_commons":null,"wikipedia":null,"@geometry":null},"geometry":{"type":"Point","coordinates":[103.9649128,-4.9173883]}},
{"type":"Feature","properties":{"id":"relation/7757736","@id":"relation/7757736","Lapangan":null,"access":null,"addr:city":null,"addr:country":null,"addr:district":null,"addr:full":null,"addr:housename":null,"addr:neighbourhood":null,"addr:postcode":null,"addr:province":null,"addr:street":null,"addr:subdistrict":null,"addr:unit":null,"alt_name":null,"area":null,"boundary":"national_park","building":null,"charge":null,"check_date":null,"description":null,"ele":null,"fee":null,"gns:dsg":null,"historic":null,"inscription":null,"intermittent":null,"landuse":null,"last_eruption":null,"layer":null,"leisure":"zoo","man_made":null,"memorial":null,"museum":null,"name":"Taman Nasional Way Kambas","name:en":"Way Kambas National Park","name:es":null,"name:etymology:wikidata":null,"name:etymology:wikipedia":null,"name:id":null,"name:ms":null,"name:pt":null,"name:sk":null,"natural":null,"kabupaten":null,"note":null,"opening_hours":null,"operator":null,"operator:type":null,"place":null,"prominence":null,"religion":null,"seamark:light:character":null,"seamark:light:colour":null,"seamark:light:height":null,"seamark:light:period":null,"seamark:light:range":null,"seamark:light:reference":null,"seamark:name":null,"smoking":null,"source":null,"sport":null,"surface":null,"tourism":null,"type":"boundary","volcano:status":null,"volcano:type":null,"waterway":null,"website":null,"wikidata":"Q963098","wikimedia_commons":null,"wikipedia":"id:Taman Nasional Way Kambas","@geometry":"center"},"geometry":{"type":"Point","coordinates":[105.7214382,-4.9373201]}},
{"type":"Feature","properties":{"id":"way/322456798","@id":"way/322456798","Lapangan":null,"access":null,"addr:city":null,"addr:country":null,"addr:district":null,"addr:full":null,"addr:housename":null,"addr:neighbourhood":null,"addr:postcode":null,"addr:province":null,"addr:street":null,"addr:subdistrict":null,"addr:unit":null,"alt_name":null,"area":null,"boundary":null,"building":null,"charge":null,"check_date":null,"description":null,"ele":null,"fee":null,"gns:dsg":null,"historic":null,"inscription":null,"intermittent":null,"landuse":null,"last_eruption":null,"layer":null,"leisure":"park","man_made":null,"memorial":null,"museum":null,"name":"Lapangan Pemuda Ketapang","name:en":null,"name:es":null,"name:etymology:wikidata":null,"name:etymology:wikipedia":null,"name:id":null,"name:ms":null,"name:pt":null,"name:sk":null,"natural":null,"kabupaten":null,"note":null,"opening_hours":null,"operator":null,"operator:type":null,"place":null,"prominence":null,"religion":null,"seamark:light:character":null,"seamark:light:colour":null,"seamark:light:height":null,"seamark:light:period":null,"seamark:light:range":null,"seamark:light:reference":null,"seamark:name":null,"smoking":null,"source":null,"sport":null,"surface":null,"tourism":null,"type":null,"volcano:status":null,"volcano:type":null,"waterway":null,"website":null,"wikidata":null,"wikimedia_commons":null,"wikipedia":null,"@geometry":"center"},"geometry":{"type":"Point","coordinates":[104.7982106,-4.7207985]}},
{"type":"Feature","properties":{"id":"way/358585003","@id":"way/358585003","Lapangan":null,"access":null,"addr:city":"Metro","addr:country":null,"addr:district":"Kota Metro","addr:full":null,"addr:housename":"Taman Merdeka Metro","addr:neighbourhood":null,"addr:postcode":null,"addr:province":"Lampung","addr:street":"Jalan ZA Pagaralam","addr:subdistrict":"Metro Pusat","addr:unit":null,"alt_name":null,"area":null,"boundary":null,"building":null,"charge":null,"check_date":null,"description":null,"ele":null,"fee":null,"gns:dsg":null,"historic":null,"inscription":null,"intermittent":null,"landuse":null,"last_eruption":null,"layer":null,"leisure":"park","man_made":null,"memorial":null,"museum":null,"name":"Taman Merdeka Kota Metro","name:en":null,"name:es":null,"name:etymology:wikidata":null,"name:etymology:wikipedia":null,"name:id":null,"name:ms":null,"name:pt":null,"name:sk":null,"natural":null,"kabupaten":null,"note":null,"opening_hours":"24/7","operator":"indah","operator:type":"public","place":null,"prominence":null,"religion":null,"seamark:light:character":null,"seamark:light:colour":null,"seamark:light:height":null,"seamark:light:period":null,"seamark:light:range":null,"seamark:light:reference":null,"seamark:name":null,"smoking":null,"source":null,"sport":null,"surface":null,"tourism":null,"type":null,"volcano:status":null,"volcano:type":null,"waterway":null,"website":null,"wikidata":null,"wikimedia_commons":null,"wikipedia":null,"@geometry":"center"},"geometry":{"type":"Point","coordinates":[105.3083336,-5.1147387]}},
{"type":"Feature","properties":{"id":"way/358585004","@id":"way/358585004","Lapangan":null,"access":null,"addr:city":"Metro","addr:country":null,"addr:district":null,"addr:full":null,"addr:housename":null,"addr:neighbourhood":null,"addr:postcode":"34113","addr:province":null,"addr:street":"Jalan Mayjend. Ryacudu","addr:subdistrict":null,"addr:unit":null,"alt_name":null,"area":null,"boundary":null,"building":null,"charge":null,"check_date":null,"description":null,"ele":null,"fee":null,"gns:dsg":null,"historic":null,"inscription":null,"intermittent":null,"landuse":null,"last_eruption":null,"layer":null,"leisure":"park","man_made":null,"memorial":null,"museum":null,"name":"Samber Park","name:en":null,"name:es":null,"name:etymology:wikidata":null,"name:etymology:wikipedia":null,"name:id":null,"name:ms":null,"name:pt":null,"name:sk":null,"natural":null,"kabupaten":null,"note":null,"opening_hours":null,"operator":null,"operator:type":null,"place":null,"prominence":null,"religion":null,"seamark:light:character":null,"seamark:light:colour":null,"seamark:light:height":null,"seamark:light:period":null,"seamark:light:range":null,"seamark:light:reference":null,"seamark:name":null,"smoking":null,"source":null,"sport":"soccer","surface":null,"tourism":null,"type":null,"volcano:status":null,"volcano:type":null,"waterway":null,"website":null,"wikidata":null,"wikimedia_commons":null,"wikipedia":null,"@geometry":"center"},"geometry":{"type":"Point","coordinates":[105.3047126,-5.1168884]}},
{"type":"Feature","properties":{"id":"way/587729059","@id":"way/587729059","Lapangan":null,"access":null,"addr:city":null,"addr:country":null,"addr:district":null,"addr:full":null,"addr:housename":null,"addr:neighbourhood":null,"addr:postcode":null,"addr:province":null,"addr:street":null,"addr:subdistrict":null,"addr:unit":null,"alt_name":null,"area":null,"boundary":null,"building":"yes","charge":null,"check_date":null,"description":null,"ele":null,"fee":null,"gns:dsg":null,"historic":null,"inscription":null,"intermittent":null,"landuse":null,"last_eruption":null,"layer":null,"leisure":"museum","man_made":null,"memorial":null,"museum":null,"name":"Cagar Budaya Rumah Asisten Wedana","name:en":null,"name:es":null,"name:etymology:wikidata":null,"name:etymology:wikipedia":null,"name:id":null,"name:ms":null,"name:pt":null,"name:sk":null,"natural":null,"kabupaten":null,"note":null,"opening_hours":null,"operator":null,"operator:type":null,"place":null,"prominence":null,"religion":null,"seamark:light:character":null,"seamark:light:colour":null,"seamark:light:height":null,"seamark:light:period":null,"seamark:light:range":null,"seamark:light:reference":null,"seamark:name":null,"smoking":null,"source":null,"sport":null,"surface":null,"tourism":"museum","type":null,"volcano:status":null,"volcano:type":null,"waterway":null,"website":null,"wikidata":null,"wikimedia_commons":null,"wikipedia":null,"@geometry":"center"},"geometry":{"type":"Point","coordinates":[105.3079071,-5.1135893]}},
{"type":"Feature","properties":{"id":"way/639452635","@id":"way/639452635","Lapangan":null,"access":null,"addr:city":null,"addr:country":null,"addr:district":null,"addr:full":null,"addr:housename":null,"addr:neighbourhood":null,"addr:postcode":null,"addr:province":null,"addr:street":null,"addr:subdistrict":null,"addr:unit":null,"alt_name":null,"area":null,"boundary":null,"building":null,"charge":null,"check_date":null,"description":null,"ele":null,"fee":null,"gns:dsg":null,"historic":null,"inscription":null,"intermittent":null,"landuse":null,"last_eruption":null,"layer":null,"leisure":"park","man_made":null,"memorial":null,"museum":null,"name":null,"name:en":null,"name:es":null,"name:etymology:wikidata":null,"name:etymology:wikipedia":null,"name:id":null,"name:ms":null,"name:pt":null,"name:sk":null,"natural":null,"kabupaten":null,"note":null,"opening_hours":null,"operator":null,"operator:type":null,"place":null,"prominence":null,"religion":null,"seamark:light:character":null,"seamark:light:colour":null,"seamark:light:height":null,"seamark:light:period":null,"seamark:light:range":null,"seamark:light:reference":null,"seamark:name":null,"smoking":null,"source":null,"sport":null,"surface":null,"tourism":null,"type":null,"volcano:status":null,"volcano:type":null,"waterway":null,"website":null,"wikidata":null,"wikimedia_commons":null,"wikipedia":null,"@geometry":"center"},"geometry":{"type":"Point","coordinates":[105.334547,-5.1331986]}},
{"type":"Feature","properties":{"id":"way/752297466","@id":"way/752297466","Lapangan":null,"access":null,"addr:city":null,"addr:country":null,"addr:district":null,"addr:full":null,"addr:housename":null,"addr:neighbourhood":null,"addr:postcode":null,"addr:province":null,"addr:street":null,"addr:subdistrict":null,"addr:unit":null,"alt_name":null,"area":null,"boundary":null,"building":null,"charge":null,"check_date":null,"description":null,"ele":null,"fee":null,"gns:dsg":null,"historic":null,"inscription":null,"intermittent":null,"landuse":null,"last_eruption":null,"layer":null,"leisure":"park","man_made":null,"memorial":null,"museum":null,"name":null,"name:en":null,"name:es":null,"name:etymology:wikidata":null,"name:etymology:wikipedia":null,"name:id":null,"name:ms":null,"name:pt":null,"name:sk":null,"natural":null,"kabupaten":null,"note":null,"opening_hours":null,"operator":null,"operator:type":null,"place":null,"prominence":null,"religion":null,"seamark:light:character":null,"seamark:light:colour":null,"seamark:light:height":null,"seamark:light:period":null,"seamark:light:range":null,"seamark:light:reference":null,"seamark:name":null,"smoking":null,"source":null,"sport":null,"surface":null,"tourism":null,"type":null,"volcano:status":null,"volcano:type":null,"waterway":null,"website":null,"wikidata":null,"wikimedia_commons":null,"wikipedia":null,"@geometry":"center"},"geometry":{"type":"Point","coordinates":[105.8132807,-4.6580457]}},
{"type":"Feature","properties":{"id":"way/821338204","@id":"way/821338204","Lapangan":null,"access":null,"addr:city":null,"addr:country":null,"addr:district":null,"addr:full":null,"addr:housename":null,"addr:neighbourhood":null,"addr:postcode":null,"addr:province":null,"addr:street":null,"addr:subdistrict":null,"addr:unit":null,"alt_name":null,"area":null,"boundary":null,"building":null,"charge":null,"check_date":null,"description":null,"ele":null,"fee":null,"gns:dsg":null,"historic":null,"inscription":null,"intermittent":null,"landuse":null,"last_eruption":null,"layer":null,"leisure":"park","man_made":null,"memorial":null,"museum":null,"name":null,"name:en":null,"name:es":null,"name:etymology:wikidata":null,"name:etymology:wikipedia":null,"name:id":null,"name:ms":null,"name:pt":null,"name:sk":null,"natural":null,"kabupaten":null,"note":null,"opening_hours":null,"operator":null,"operator:type":null,"place":null,"prominence":null,"religion":null,"seamark:light:character":null,"seamark:light:colour":null,"seamark:light:height":null,"seamark:light:period":null,"seamark:light:range":null,"seamark:light:reference":null,"seamark:name":null,"smoking":null,"source":null,"sport":null,"surface":null,"tourism":null,"type":null,"volcano:status":null,"volcano:type":null,"waterway":null,"website":null,"wikidata":null,"wikimedia_commons":null,"wikipedia":null,"@geometry":"center"},"geometry":{"type":"Point","coordinates":[105.2238575,-4.495573]}},
{"type":"Feature","properties":{"id":"way/821338205","@id":"way/821338205","Lapangan":null,"access":null,"addr:city":null,"addr:country":null,"addr:district":null,"addr:full":null,"addr:housename":null,"addr:neighbourhood":null,"addr:postcode":null,"addr:province":null,"addr:street":null,"addr:subdistrict":null,"addr:unit":null,"alt_name":null,"area":null,"boundary":null,"building":null,"charge":null,"check_date":null,"description":null,"ele":null,"fee":null,"gns:dsg":null,"historic":null,"inscription":null,"intermittent":null,"landuse":null,"last_eruption":null,"layer":null,"leisure":"park","man_made":null,"memorial":null,"museum":null,"name":null,"name:en":null,"name:es":null,"name:etymology:wikidata":null,"name:etymology:wikipedia":null,"name:id":null,"name:ms":null,"name:pt":null,"name:sk":null,"natural":null,"kabupaten":null,"note":null,"opening_hours":null,"operator":null,"operator:type":null,"place":null,"prominence":null,"religion":null,"seamark:light:character":null,"seamark:light:colour":null,"seamark:light:height":null,"seamark:light:period":null,"seamark:light:range":null,"seamark:light:reference":null,"seamark:name":null,"smoking":null,"source":null,"sport":null,"surface":null,"tourism":null,"type":null,"volcano:status":null,"volcano:type":null,"waterway":null,"website":null,"wikidata":null,"wikimedia_commons":null,"wikipedia":null,"@geometry":"center"},"geometry":{"type":"Point","coordinates":[105.2192736,-4.494728]}},
{"type":"Feature","properties":{"id":"way/821338206","@id":"way/821338206","Lapangan":null,"access":null,"addr:city":null,"addr:country":null,"addr:district":null,"addr:full":null,"addr:housename":null,"addr:neighbourhood":null,"addr:postcode":null,"addr:province":null,"addr:street":null,"addr:subdistrict":null,"addr:unit":null,"alt_name":null,"area":null,"boundary":null,"building":null,"charge":null,"check_date":null,"description":null,"ele":null,"fee":null,"gns:dsg":null,"historic":null,"inscription":null,"intermittent":null,"landuse":null,"last_eruption":null,"layer":null,"leisure":"park","man_made":null,"memorial":null,"museum":null,"name":null,"name:en":null,"name:es":null,"name:etymology:wikidata":null,"name:etymology:wikipedia":null,"name:id":null,"name:ms":null,"name:pt":null,"name:sk":null,"natural":null,"kabupaten":null,"note":null,"opening_hours":null,"operator":null,"operator:type":null,"place":null,"prominence":null,"religion":null,"seamark:light:character":null,"seamark:light:colour":null,"seamark:light:height":null,"seamark:light:period":null,"seamark:light:range":null,"seamark:light:reference":null,"seamark:name":null,"smoking":null,"source":null,"sport":null,"surface":null,"tourism":null,"type":null,"volcano:status":null,"volcano:type":null,"waterway":null,"website":null,"wikidata":null,"wikimedia_commons":null,"wikipedia":null,"@geometry":"center"},"geometry":{"type":"Point","coordinates":[105.2183756,-4.4945681]}},
{"type":"Feature","properties":{"id":"way/823876457","@id":"way/823876457","Lapangan":null,"access":null,"addr:city":null,"addr:country":null,"addr:district":null,"addr:full":null,"addr:housename":null,"addr:neighbourhood":null,"addr:postcode":null,"addr:province":null,"addr:street":null,"addr:subdistrict":null,"addr:unit":null,"alt_name":null,"area":null,"boundary":null,"building":null,"charge":null,"check_date":null,"description":null,"ele":null,"fee":null,"gns:dsg":null,"historic":null,"inscription":null,"intermittent":null,"landuse":null,"last_eruption":null,"layer":null,"leisure":"park","man_made":null,"memorial":null,"museum":null,"name":null,"name:en":null,"name:es":null,"name:etymology:wikidata":null,"name:etymology:wikipedia":null,"name:id":null,"name:ms":null,"name:pt":null,"name:sk":null,"natural":null,"kabupaten":null,"note":null,"opening_hours":null,"operator":null,"operator:type":null,"place":null,"prominence":null,"religion":null,"seamark:light:character":null,"seamark:light:colour":null,"seamark:light:height":null,"seamark:light:period":null,"seamark:light:range":null,"seamark:light:reference":null,"seamark:name":null,"smoking":null,"source":null,"sport":null,"surface":null,"tourism":null,"type":null,"volcano:status":null,"volcano:type":null,"waterway":null,"website":null,"wikidata":null,"wikimedia_commons":null,"wikipedia":null,"@geometry":"center"},"geometry":{"type":"Point","coordinates":[105.2410685,-4.4974869]}},
{"type":"Feature","properties":{"id":"way/882177230","@id":"way/882177230","Lapangan":null,"access":null,"addr:city":null,"addr:country":null,"addr:district":null,"addr:full":null,"addr:housename":null,"addr:neighbourhood":null,"addr:postcode":null,"addr:province":null,"addr:street":null,"addr:subdistrict":null,"addr:unit":null,"alt_name":null,"area":null,"boundary":null,"building":"yes","charge":null,"check_date":null,"description":null,"ele":null,"fee":null,"gns:dsg":null,"historic":null,"inscription":null,"intermittent":null,"landuse":null,"last_eruption":null,"layer":null,"leisure":"museum","man_made":null,"memorial":null,"museum":"history","name":"Museum Galeri Santa Maria","name:en":null,"name:es":null,"name:etymology:wikidata":null,"name:etymology:wikipedia":null,"name:id":null,"name:ms":null,"name:pt":null,"name:sk":null,"natural":null,"kabupaten":null,"note":null,"opening_hours":null,"operator":null,"operator:type":null,"place":null,"prominence":null,"religion":null,"seamark:light:character":null,"seamark:light:colour":null,"seamark:light:height":null,"seamark:light:period":null,"seamark:light:range":null,"seamark:light:reference":null,"seamark:name":null,"smoking":null,"source":null,"sport":null,"surface":null,"tourism":"museum","type":null,"volcano:status":null,"volcano:type":null,"waterway":null,"website":null,"wikidata":null,"wikimedia_commons":null,"wikipedia":null,"@geometry":"center"},"geometry":{"type":"Point","coordinates":[105.3094574,-5.1136535]}},
{"type":"Feature","properties":{"id":"way/960929148","@id":"way/960929148","Lapangan":null,"access":null,"addr:city":null,"addr:country":null,"addr:district":null,"addr:full":null,"addr:housename":null,"addr:neighbourhood":null,"addr:postcode":null,"addr:province":null,"addr:street":null,"addr:subdistrict":null,"addr:unit":null,"alt_name":null,"area":null,"boundary":null,"building":null,"charge":null,"check_date":null,"description":null,"ele":null,"fee":null,"gns:dsg":null,"historic":null,"inscription":null,"intermittent":null,"landuse":null,"last_eruption":null,"layer":null,"leisure":"park","man_made":null,"memorial":null,"museum":null,"name":null,"name:en":null,"name:es":null,"name:etymology:wikidata":null,"name:etymology:wikipedia":null,"name:id":null,"name:ms":null,"name:pt":null,"name:sk":null,"natural":null,"kabupaten":null,"note":null,"opening_hours":null,"operator":null,"operator:type":null,"place":null,"prominence":null,"religion":null,"seamark:light:character":null,"seamark:light:colour":null,"seamark:light:height":null,"seamark:light:period":null,"seamark:light:range":null,"seamark:light:reference":null,"seamark:name":null,"smoking":null,"source":null,"sport":null,"surface":null,"tourism":null,"type":null,"volcano:status":null,"volcano:type":null,"waterway":null,"website":null,"wikidata":null,"wikimedia_commons":null,"wikipedia":null,"@geometry":"center"},"geometry":{"type":"Point","coordinates":[105.3042538,-5.085041]}},
{"type":"Feature","properties":{"id":"way/1040744451","@id":"way/1040744451","Lapangan":null,"access":null,"addr:city":null,"addr:country":null,"addr:district":null,"addr:full":null,"addr:housename":null,"addr:neighbourhood":null,"addr:postcode":null,"addr:province":null,"addr:street":null,"addr:subdistrict":null,"addr:unit":null,"alt_name":null,"area":null,"boundary":null,"building":null,"charge":null,"check_date":null,"description":null,"ele":null,"fee":null,"gns:dsg":null,"historic":null,"inscription":null,"intermittent":null,"landuse":null,"last_eruption":null,"layer":null,"leisure":"park","man_made":null,"memorial":null,"museum":null,"name":"Alun-alun Panarangan","name:en":null,"name:es":null,"name:etymology:wikidata":null,"name:etymology:wikipedia":null,"name:id":null,"name:ms":null,"name:pt":null,"name:sk":null,"natural":null,"kabupaten":null,"note":null,"opening_hours":null,"operator":null,"operator:type":null,"place":null,"prominence":null,"religion":null,"seamark:light:character":null,"seamark:light:colour":null,"seamark:light:height":null,"seamark:light:period":null,"seamark:light:range":null,"seamark:light:reference":null,"seamark:name":null,"smoking":null,"source":null,"sport":null,"surface":null,"tourism":null,"type":null,"volcano:status":null,"volcano:type":null,"waterway":null,"website":null,"wikidata":null,"wikimedia_commons":null,"wikipedia":null,"@geometry":"center"},"geometry":{"type":"Point","coordinates":[105.0894502,-4.5173221]}},
{"type":"Feature","properties":{"id":"way/1040744453","@id":"way/1040744453","Lapangan":null,"access":null,"addr:city":null,"addr:country":null,"addr:district":null,"addr:full":null,"addr:housename":null,"addr:neighbourhood":null,"addr:postcode":null,"addr:province":null,"addr:street":null,"addr:subdistrict":null,"addr:unit":null,"alt_name":null,"area":null,"boundary":null,"building":null,"charge":null,"check_date":null,"description":null,"ele":null,"fee":null,"gns:dsg":null,"historic":null,"inscription":null,"intermittent":null,"landuse":null,"last_eruption":null,"layer":null,"leisure":"park","man_made":null,"memorial":null,"museum":null,"name":null,"name:en":null,"name:es":null,"name:etymology:wikidata":null,"name:etymology:wikipedia":null,"name:id":null,"name:ms":null,"name:pt":null,"name:sk":null,"natural":null,"kabupaten":null,"note":null,"opening_hours":null,"operator":null,"operator:type":null,"place":null,"prominence":null,"religion":null,"seamark:light:character":null,"seamark:light:colour":null,"seamark:light:height":null,"seamark:light:period":null,"seamark:light:range":null,"seamark:light:reference":null,"seamark:name":null,"smoking":null,"source":null,"sport":null,"surface":null,"tourism":null,"type":null,"volcano:status":null,"volcano:type":null,"waterway":null,"website":null,"wikidata":null,"wikimedia_commons":null,"wikipedia":null,"@geometry":"center"},"geometry":{"type":"Point","coordinates":[105.1209183,-4.5001941]}},
{"type":"Feature","properties":{"id":"way/1040823223","@id":"way/1040823223","Lapangan":null,"access":null,"addr:city":null,"addr:country":null,"addr:district":null,"addr:full":null,"addr:housename":null,"addr:neighbourhood":null,"addr:postcode":null,"addr:province":null,"addr:street":null,"addr:subdistrict":null,"addr:unit":null,"alt_name":null,"area":null,"boundary":null,"building":null,"charge":null,"check_date":null,"description":null,"ele":null,"fee":null,"gns:dsg":null,"historic":null,"inscription":null,"intermittent":null,"landuse":null,"last_eruption":null,"layer":null,"leisure":"water_park","man_made":null,"memorial":null,"museum":null,"name":"Waterpark Kali miring","name:en":null,"name:es":null,"name:etymology:wikidata":null,"name:etymology:wikipedia":null,"name:id":null,"name:ms":null,"name:pt":null,"name:sk":null,"natural":null,"kabupaten":null,"note":null,"opening_hours":null,"operator":null,"operator:type":null,"place":null,"prominence":null,"religion":null,"seamark:light:character":null,"seamark:light:colour":null,"seamark:light:height":null,"seamark:light:period":null,"seamark:light:range":null,"seamark:light:reference":null,"seamark:name":null,"smoking":null,"source":null,"sport":null,"surface":null,"tourism":null,"type":null,"volcano:status":null,"volcano:type":null,"waterway":null,"website":null,"wikidata":null,"wikimedia_commons":null,"wikipedia":null,"@geometry":"center"},"geometry":{"type":"Point","coordinates":[105.1261187,-4.6264719]}},
{"type":"Feature","properties":{"id":"way/1046036811","@id":"way/1046036811","Lapangan":null,"access":null,"addr:city":"Metro","addr:country":null,"addr:district":null,"addr:full":null,"addr:housename":null,"addr:neighbourhood":null,"addr:postcode":"34111","addr:province":null,"addr:street":"Jalan Brigjend Sutiyoso","addr:subdistrict":null,"addr:unit":null,"alt_name":null,"area":null,"boundary":null,"building":"yes","charge":null,"check_date":null,"description":null,"ele":null,"fee":null,"gns:dsg":null,"historic":null,"inscription":null,"intermittent":null,"landuse":null,"last_eruption":null,"layer":null,"leisure":null,"man_made":null,"memorial":null,"museum":"history","name":"Rumah Informasi Sejarah Doktorswoning","name:en":null,"name:es":null,"name:etymology:wikidata":null,"name:etymology:wikipedia":null,"name:id":null,"name:ms":null,"name:pt":null,"name:sk":null,"natural":null,"kabupaten":null,"note":null,"opening_hours":null,"operator":null,"operator:type":null,"place":null,"prominence":null,"religion":null,"seamark:light:character":null,"seamark:light:colour":null,"seamark:light:height":null,"seamark:light:period":null,"seamark:light:range":null,"seamark:light:reference":null,"seamark:name":null,"smoking":null,"source":null,"sport":null,"surface":null,"tourism":"museum","type":null,"volcano:status":null,"volcano:type":null,"waterway":null,"website":null,"wikidata":null,"wikimedia_commons":null,"wikipedia":null,"@geometry":"center"},"geometry":{"type":"Point","coordinates":[105.3094058,-5.1160582]}},
{"type":"Feature","properties":{"id":"node/1070161909","@id":"node/1070161909","Lapangan":null,"access":null,"addr:city":null,"addr:country":null,"addr:district":null,"addr:full":null,"addr:housename":null,"addr:neighbourhood":null,"addr:postcode":null,"addr:province":null,"addr:street":null,"addr:subdistrict":null,"addr:unit":null,"alt_name":null,"area":null,"boundary":null,"building":null,"charge":null,"check_date":null,"description":null,"ele":null,"fee":null,"gns:dsg":"MT","historic":null,"inscription":null,"intermittent":null,"landuse":null,"last_eruption":null,"layer":null,"leisure":null,"man_made":null,"memorial":null,"museum":null,"name":"Tangkit Cumbi","name:en":null,"name:es":null,"name:etymology:wikidata":null,"name:etymology:wikipedia":null,"name:id":null,"name:ms":null,"name:pt":null,"name:sk":null,"natural":"peak","kabupaten":null,"note":"Modify date: 1994-01-29","opening_hours":null,"operator":null,"operator:type":null,"place":null,"prominence":null,"religion":null,"seamark:light:character":null,"seamark:light:colour":null,"seamark:light:height":null,"seamark:light:period":null,"seamark:light:range":null,"seamark:light:reference":null,"seamark:name":null,"smoking":null,"source":"NGA-GNS","sport":null,"surface":null,"tourism":null,"type":null,"volcano:status":null,"volcano:type":null,"waterway":null,"website":null,"wikidata":null,"wikimedia_commons":null,"wikipedia":null,"@geometry":null},"geometry":{"type":"Point","coordinates":[104.733333,-5.133333]}},
{"type":"Feature","properties":{"id":"node/1070171895","@id":"node/1070171895","Lapangan":null,"access":null,"addr:city":null,"addr:country":null,"addr:district":null,"addr:full":null,"addr:housename":null,"addr:neighbourhood":null,"addr:postcode":null,"addr:province":null,"addr:street":null,"addr:subdistrict":null,"addr:unit":null,"alt_name":null,"area":null,"boundary":null,"building":null,"charge":null,"check_date":null,"description":null,"ele":null,"fee":null,"gns:dsg":"MT","historic":null,"inscription":null,"intermittent":null,"landuse":null,"last_eruption":null,"layer":null,"leisure":null,"man_made":null,"memorial":null,"museum":null,"name":"Tangkit Tahiangin","name:en":null,"name:es":null,"name:etymology:wikidata":null,"name:etymology:wikipedia":null,"name:id":null,"name:ms":null,"name:pt":null,"name:sk":null,"natural":"peak","kabupaten":null,"note":"Modify date: 1994-01-29","opening_hours":null,"operator":null,"operator:type":null,"place":null,"prominence":null,"religion":null,"seamark:light:character":null,"seamark:light:colour":null,"seamark:light:height":null,"seamark:light:period":null,"seamark:light:range":null,"seamark:light:reference":null,"seamark:name":null,"smoking":null,"source":"NGA-GNS","sport":null,"surface":null,"tourism":null,"type":null,"volcano:status":null,"volcano:type":null,"waterway":null,"website":null,"wikidata":null,"wikimedia_commons":null,"wikipedia":null,"@geometry":null},"geometry":{"type":"Point","coordinates":[104.733333,-4.983333]}},
{"type":"Feature","properties":{"id":"node/1070186655","@id":"node/1070186655","Lapangan":null,"access":null,"addr:city":null,"addr:country":null,"addr:district":null,"addr:full":null,"addr:housename":null,"addr:neighbourhood":null,"addr:postcode":null,"addr:province":null,"addr:street":null,"addr:subdistrict":null,"addr:unit":null,"alt_name":null,"area":null,"boundary":null,"building":null,"charge":null,"check_date":null,"description":null,"ele":null,"fee":null,"gns:dsg":"MT","historic":null,"inscription":null,"intermittent":null,"landuse":null,"last_eruption":null,"layer":null,"leisure":"mount","man_made":null,"memorial":null,"museum":null,"name":"Gunung Dempu","name:en":null,"name:es":null,"name:etymology:wikidata":null,"name:etymology:wikipedia":null,"name:id":null,"name:ms":null,"name:pt":null,"name:sk":null,"natural":"peak","kabupaten":null,"note":"Modify date: 1994-01-29","opening_hours":null,"operator":null,"operator:type":null,"place":null,"prominence":null,"religion":null,"seamark:light:character":null,"seamark:light:colour":null,"seamark:light:height":null,"seamark:light:period":null,"seamark:light:range":null,"seamark:light:reference":null,"seamark:name":null,"smoking":null,"source":"NGA-GNS","sport":null,"surface":null,"tourism":null,"type":null,"volcano:status":null,"volcano:type":null,"waterway":null,"website":null,"wikidata":null,"wikimedia_commons":null,"wikipedia":null,"@geometry":null},"geometry":{"type":"Point","coordinates":[104.916667,-5.116667]}},
{"type":"Feature","properties":{"id":"way/1100984843","@id":"way/1100984843","Lapangan":null,"access":null,"addr:city":null,"addr:country":null,"addr:district":null,"addr:full":null,"addr:housename":null,"addr:neighbourhood":null,"addr:postcode":null,"addr:province":null,"addr:street":null,"addr:subdistrict":null,"addr:unit":null,"alt_name":null,"area":null,"boundary":null,"building":null,"charge":null,"check_date":null,"description":null,"ele":null,"fee":null,"gns:dsg":null,"historic":null,"inscription":null,"intermittent":null,"landuse":null,"last_eruption":null,"layer":null,"leisure":"park","man_made":null,"memorial":null,"museum":null,"name":null,"name:en":null,"name:es":null,"name:etymology:wikidata":null,"name:etymology:wikipedia":null,"name:id":null,"name:ms":null,"name:pt":null,"name:sk":null,"natural":null,"kabupaten":null,"note":null,"opening_hours":null,"operator":null,"operator:type":null,"place":null,"prominence":null,"religion":null,"seamark:light:character":null,"seamark:light:colour":null,"seamark:light:height":null,"seamark:light:period":null,"seamark:light:range":null,"seamark:light:reference":null,"seamark:name":null,"smoking":null,"source":null,"sport":null,"surface":null,"tourism":null,"type":null,"volcano:status":null,"volcano:type":null,"waterway":null,"website":null,"wikidata":null,"wikimedia_commons":null,"wikipedia":null,"@geometry":"center"},"geometry":{"type":"Point","coordinates":[105.0850803,-4.5353008]}},
{"type":"Feature","properties":{"id":"way/1100984845","@id":"way/1100984845","Lapangan":null,"access":null,"addr:city":null,"addr:country":null,"addr:district":null,"addr:full":null,"addr:housename":null,"addr:neighbourhood":null,"addr:postcode":null,"addr:province":null,"addr:street":null,"addr:subdistrict":null,"addr:unit":null,"alt_name":null,"area":null,"boundary":null,"building":null,"charge":null,"check_date":null,"description":null,"ele":null,"fee":null,"gns:dsg":null,"historic":null,"inscription":null,"intermittent":null,"landuse":null,"last_eruption":null,"layer":null,"leisure":"park","man_made":null,"memorial":null,"museum":null,"name":null,"name:en":null,"name:es":null,"name:etymology:wikidata":null,"name:etymology:wikipedia":null,"name:id":null,"name:ms":null,"name:pt":null,"name:sk":null,"natural":null,"kabupaten":null,"note":null,"opening_hours":null,"operator":null,"operator:type":null,"place":"islet","prominence":null,"religion":null,"seamark:light:character":null,"seamark:light:colour":null,"seamark:light:height":null,"seamark:light:period":null,"seamark:light:range":null,"seamark:light:reference":null,"seamark:name":null,"smoking":null,"source":null,"sport":null,"surface":null,"tourism":null,"type":null,"volcano:status":null,"volcano:type":null,"waterway":null,"website":null,"wikidata":null,"wikimedia_commons":null,"wikipedia":null,"@geometry":"center"},"geometry":{"type":"Point","coordinates":[105.1206846,-4.5003957]}},
{"type":"Feature","properties":{"id":"way/1104887604","@id":"way/1104887604","Lapangan":null,"access":null,"addr:city":null,"addr:country":null,"addr:district":null,"addr:full":null,"addr:housename":null,"addr:neighbourhood":null,"addr:postcode":null,"addr:province":null,"addr:street":null,"addr:subdistrict":null,"addr:unit":null,"alt_name":null,"area":null,"boundary":null,"building":null,"charge":null,"check_date":null,"description":null,"ele":null,"fee":null,"gns:dsg":null,"historic":"monument","inscription":null,"intermittent":null,"landuse":null,"last_eruption":null,"layer":null,"leisure":null,"man_made":null,"memorial":null,"museum":null,"name":null,"name:en":null,"name:es":null,"name:etymology:wikidata":null,"name:etymology:wikipedia":null,"name:id":null,"name:ms":null,"name:pt":null,"name:sk":null,"natural":null,"kabupaten":null,"note":null,"opening_hours":null,"operator":null,"operator:type":null,"place":null,"prominence":null,"religion":null,"seamark:light:character":null,"seamark:light:colour":null,"seamark:light:height":null,"seamark:light:period":null,"seamark:light:range":null,"seamark:light:reference":null,"seamark:name":null,"smoking":null,"source":null,"sport":null,"surface":null,"tourism":null,"type":null,"volcano:status":null,"volcano:type":null,"waterway":null,"website":null,"wikidata":null,"wikimedia_commons":null,"wikipedia":null,"@geometry":"center"},"geometry":{"type":"Point","coordinates":[105.1060291,-4.4874814]}},
{"type":"Feature","properties":{"id":"way/1104887605","@id":"way/1104887605","Lapangan":null,"access":null,"addr:city":null,"addr:country":null,"addr:district":null,"addr:full":null,"addr:housename":null,"addr:neighbourhood":null,"addr:postcode":null,"addr:province":null,"addr:street":null,"addr:subdistrict":null,"addr:unit":null,"alt_name":null,"area":null,"boundary":null,"building":null,"charge":null,"check_date":null,"description":null,"ele":null,"fee":null,"gns:dsg":null,"historic":null,"inscription":null,"intermittent":null,"landuse":null,"last_eruption":null,"layer":null,"leisure":"park","man_made":null,"memorial":null,"museum":null,"name":null,"name:en":null,"name:es":null,"name:etymology:wikidata":null,"name:etymology:wikipedia":null,"name:id":null,"name:ms":null,"name:pt":null,"name:sk":null,"natural":null,"kabupaten":null,"note":null,"opening_hours":null,"operator":null,"operator:type":null,"place":null,"prominence":null,"religion":null,"seamark:light:character":null,"seamark:light:colour":null,"seamark:light:height":null,"seamark:light:period":null,"seamark:light:range":null,"seamark:light:reference":null,"seamark:name":null,"smoking":null,"source":null,"sport":null,"surface":null,"tourism":null,"type":null,"volcano:status":null,"volcano:type":null,"waterway":null,"website":null,"wikidata":null,"wikimedia_commons":null,"wikipedia":null,"@geometry":"center"},"geometry":{"type":"Point","coordinates":[105.1061386,-4.4875823]}},
{"type":"Feature","properties":{"id":"way/1107935939","@id":"way/1107935939","Lapangan":null,"access":null,"addr:city":null,"addr:country":null,"addr:district":null,"addr:full":null,"addr:housename":null,"addr:neighbourhood":null,"addr:postcode":null,"addr:province":null,"addr:street":null,"addr:subdistrict":null,"addr:unit":null,"alt_name":null,"area":null,"boundary":null,"building":null,"charge":null,"check_date":null,"description":null,"ele":null,"fee":null,"gns:dsg":null,"historic":null,"inscription":null,"intermittent":null,"landuse":null,"last_eruption":null,"layer":null,"leisure":"park","man_made":null,"memorial":null,"museum":null,"name":null,"name:en":null,"name:es":null,"name:etymology:wikidata":null,"name:etymology:wikipedia":null,"name:id":null,"name:ms":null,"name:pt":null,"name:sk":null,"natural":null,"kabupaten":null,"note":null,"opening_hours":null,"operator":null,"operator:type":null,"place":null,"prominence":null,"religion":null,"seamark:light:character":null,"seamark:light:colour":null,"seamark:light:height":null,"seamark:light:period":null,"seamark:light:range":null,"seamark:light:reference":null,"seamark:name":null,"smoking":null,"source":null,"sport":null,"surface":null,"tourism":null,"type":null,"volcano:status":null,"volcano:type":null,"waterway":null,"website":null,"wikidata":null,"wikimedia_commons":null,"wikipedia":null,"@geometry":"center"},"geometry":{"type":"Point","coordinates":[105.2414254,-4.4964616]}},
{"type":"Feature","properties":{"id":"way/1159407394","@id":"way/1159407394","Lapangan":null,"access":null,"addr:city":null,"addr:country":null,"addr:district":null,"addr:full":null,"addr:housename":null,"addr:neighbourhood":null,"addr:postcode":null,"addr:province":null,"addr:street":null,"addr:subdistrict":null,"addr:unit":null,"alt_name":null,"area":null,"boundary":null,"building":null,"charge":null,"check_date":null,"description":null,"ele":null,"fee":null,"gns:dsg":null,"historic":null,"inscription":null,"intermittent":null,"landuse":null,"last_eruption":null,"layer":null,"leisure":"park","man_made":null,"memorial":null,"museum":null,"name":"LAPANGAN MERDEKA SRIBASUKI","name:en":null,"name:es":null,"name:etymology:wikidata":null,"name:etymology:wikipedia":null,"name:id":null,"name:ms":null,"name:pt":null,"name:sk":null,"natural":null,"kabupaten":null,"note":null,"opening_hours":null,"operator":null,"operator:type":null,"place":null,"prominence":null,"religion":null,"seamark:light:character":null,"seamark:light:colour":null,"seamark:light:height":null,"seamark:light:period":null,"seamark:light:range":null,"seamark:light:reference":null,"seamark:name":null,"smoking":null,"source":null,"sport":null,"surface":null,"tourism":null,"type":null,"volcano:status":null,"volcano:type":null,"waterway":null,"website":null,"wikidata":null,"wikimedia_commons":null,"wikipedia":null,"@geometry":"center"},"geometry":{"type":"Point","coordinates":[105.4128223,-5.1056922]}},
{"type":"Feature","properties":{"id":"way/1185871330","@id":"way/1185871330","Lapangan":null,"access":null,"addr:city":null,"addr:country":null,"addr:district":null,"addr:full":null,"addr:housename":null,"addr:neighbourhood":null,"addr:postcode":null,"addr:province":null,"addr:street":null,"addr:subdistrict":null,"addr:unit":null,"alt_name":null,"area":null,"boundary":null,"building":null,"charge":null,"check_date":null,"description":null,"ele":null,"fee":null,"gns:dsg":null,"historic":null,"inscription":null,"intermittent":null,"landuse":null,"last_eruption":null,"layer":null,"leisure":"park","man_made":null,"memorial":null,"museum":null,"name":null,"name:en":null,"name:es":null,"name:etymology:wikidata":null,"name:etymology:wikipedia":null,"name:id":null,"name:ms":null,"name:pt":null,"name:sk":null,"natural":null,"kabupaten":null,"note":null,"opening_hours":null,"operator":null,"operator:type":null,"place":null,"prominence":null,"religion":null,"seamark:light:character":null,"seamark:light:colour":null,"seamark:light:height":null,"seamark:light:period":null,"seamark:light:range":null,"seamark:light:reference":null,"seamark:name":null,"smoking":null,"source":null,"sport":null,"surface":null,"tourism":null,"type":null,"volcano:status":null,"volcano:type":null,"waterway":null,"website":null,"wikidata":null,"wikimedia_commons":null,"wikipedia":null,"@geometry":"center"},"geometry":{"type":"Point","coordinates":[105.2223908,-4.4951893]}},
{"type":"Feature","properties":{"id":"way/1185871333","@id":"way/1185871333","Lapangan":null,"access":null,"addr:city":null,"addr:country":null,"addr:district":null,"addr:full":null,"addr:housename":null,"addr:neighbourhood":null,"addr:postcode":null,"addr:province":null,"addr:street":null,"addr:subdistrict":null,"addr:unit":null,"alt_name":null,"area":null,"boundary":null,"building":null,"charge":null,"check_date":null,"description":null,"ele":null,"fee":null,"gns:dsg":null,"historic":null,"inscription":null,"intermittent":null,"landuse":null,"last_eruption":null,"layer":null,"leisure":"park","man_made":null,"memorial":null,"museum":null,"name":null,"name:en":null,"name:es":null,"name:etymology:wikidata":null,"name:etymology:wikipedia":null,"name:id":null,"name:ms":null,"name:pt":null,"name:sk":null,"natural":null,"kabupaten":null,"note":null,"opening_hours":null,"operator":null,"operator:type":null,"place":null,"prominence":null,"religion":null,"seamark:light:character":null,"seamark:light:colour":null,"seamark:light:height":null,"seamark:light:period":null,"seamark:light:range":null,"seamark:light:reference":null,"seamark:name":null,"smoking":null,"source":null,"sport":null,"surface":null,"tourism":null,"type":null,"volcano:status":null,"volcano:type":null,"waterway":null,"website":null,"wikidata":null,"wikimedia_commons":null,"wikipedia":null,"@geometry":"center"},"geometry":{"type":"Point","coordinates":[105.2207693,-4.5389849]}},
{"type":"Feature","properties":{"id":"way/1186426436","@id":"way/1186426436","Lapangan":null,"access":null,"addr:city":null,"addr:country":null,"addr:district":null,"addr:full":null,"addr:housename":null,"addr:neighbourhood":null,"addr:postcode":null,"addr:province":null,"addr:street":null,"addr:subdistrict":null,"addr:unit":null,"alt_name":null,"area":null,"boundary":null,"building":null,"charge":null,"check_date":null,"description":null,"ele":null,"fee":null,"gns:dsg":null,"historic":null,"inscription":null,"intermittent":null,"landuse":null,"last_eruption":null,"layer":null,"leisure":"park","man_made":null,"memorial":null,"museum":null,"name":null,"name:en":null,"name:es":null,"name:etymology:wikidata":null,"name:etymology:wikipedia":null,"name:id":null,"name:ms":null,"name:pt":null,"name:sk":null,"natural":null,"kabupaten":null,"note":null,"opening_hours":null,"operator":null,"operator:type":null,"place":null,"prominence":null,"religion":null,"seamark:light:character":null,"seamark:light:colour":null,"seamark:light:height":null,"seamark:light:period":null,"seamark:light:range":null,"seamark:light:reference":null,"seamark:name":null,"smoking":null,"source":null,"sport":null,"surface":null,"tourism":null,"type":null,"volcano:status":null,"volcano:type":null,"waterway":null,"website":null,"wikidata":null,"wikimedia_commons":null,"wikipedia":null,"@geometry":"center"},"geometry":{"type":"Point","coordinates":[105.5939364,-5.0931742]}},
{"type":"Feature","properties":{"id":"way/1186445216","@id":"way/1186445216","Lapangan":null,"access":null,"addr:city":null,"addr:country":null,"addr:district":null,"addr:full":null,"addr:housename":null,"addr:neighbourhood":null,"addr:postcode":null,"addr:province":null,"addr:street":null,"addr:subdistrict":null,"addr:unit":null,"alt_name":null,"area":null,"boundary":null,"building":null,"charge":null,"check_date":null,"description":null,"ele":null,"fee":null,"gns:dsg":null,"historic":null,"inscription":null,"intermittent":null,"landuse":null,"last_eruption":null,"layer":null,"leisure":"park","man_made":null,"memorial":null,"museum":null,"name":null,"name:en":null,"name:es":null,"name:etymology:wikidata":null,"name:etymology:wikipedia":null,"name:id":null,"name:ms":null,"name:pt":null,"name:sk":null,"natural":null,"kabupaten":null,"note":null,"opening_hours":null,"operator":null,"operator:type":null,"place":null,"prominence":null,"religion":null,"seamark:light:character":null,"seamark:light:colour":null,"seamark:light:height":null,"seamark:light:period":null,"seamark:light:range":null,"seamark:light:reference":null,"seamark:name":null,"smoking":null,"source":null,"sport":null,"surface":null,"tourism":null,"type":null,"volcano:status":null,"volcano:type":null,"waterway":null,"website":null,"wikidata":null,"wikimedia_commons":null,"wikipedia":null,"@geometry":"center"},"geometry":{"type":"Point","coordinates":[105.2487578,-4.4895905]}},
{"type":"Feature","properties":{"id":"way/1188277901","@id":"way/1188277901","Lapangan":null,"access":null,"addr:city":null,"addr:country":null,"addr:district":null,"addr:full":null,"addr:housename":null,"addr:neighbourhood":null,"addr:postcode":null,"addr:province":null,"addr:street":null,"addr:subdistrict":null,"addr:unit":null,"alt_name":null,"area":null,"boundary":null,"building":"yes","charge":null,"check_date":null,"description":null,"ele":null,"fee":null,"gns:dsg":null,"historic":null,"inscription":null,"intermittent":null,"landuse":null,"last_eruption":null,"layer":"1","leisure":"museum","man_made":null,"memorial":null,"museum":null,"name":"Museum Tulang Bawang","name:en":null,"name:es":null,"name:etymology:wikidata":null,"name:etymology:wikipedia":null,"name:id":null,"name:ms":null,"name:pt":null,"name:sk":null,"natural":null,"kabupaten":null,"note":null,"opening_hours":null,"operator":null,"operator:type":null,"place":null,"prominence":null,"religion":null,"seamark:light:character":null,"seamark:light:colour":null,"seamark:light:height":null,"seamark:light:period":null,"seamark:light:range":null,"seamark:light:reference":null,"seamark:name":null,"smoking":null,"source":null,"sport":null,"surface":null,"tourism":"museum","type":null,"volcano:status":null,"volcano:type":null,"waterway":null,"website":null,"wikidata":null,"wikimedia_commons":null,"wikipedia":null,"@geometry":"center"},"geometry":{"type":"Point","coordinates":[105.2638064,-4.482178]}},
{"type":"Feature","properties":{"id":"way/1188277902","@id":"way/1188277902","Lapangan":null,"access":null,"addr:city":null,"addr:country":null,"addr:district":null,"addr:full":null,"addr:housename":null,"addr:neighbourhood":null,"addr:postcode":null,"addr:province":null,"addr:street":null,"addr:subdistrict":null,"addr:unit":null,"alt_name":null,"area":"yes","boundary":null,"building":null,"charge":null,"check_date":null,"description":null,"ele":null,"fee":null,"gns:dsg":null,"historic":null,"inscription":null,"intermittent":null,"landuse":null,"last_eruption":null,"layer":null,"leisure":null,"man_made":null,"memorial":null,"museum":null,"name":null,"name:en":null,"name:es":null,"name:etymology:wikidata":null,"name:etymology:wikipedia":null,"name:id":null,"name:ms":null,"name:pt":null,"name:sk":null,"natural":null,"kabupaten":null,"note":null,"opening_hours":null,"operator":null,"operator:type":null,"place":null,"prominence":null,"religion":null,"seamark:light:character":null,"seamark:light:colour":null,"seamark:light:height":null,"seamark:light:period":null,"seamark:light:range":null,"seamark:light:reference":null,"seamark:name":null,"smoking":null,"source":null,"sport":null,"surface":null,"tourism":"attraction","type":null,"volcano:status":null,"volcano:type":null,"waterway":null,"website":null,"wikidata":null,"wikimedia_commons":null,"wikipedia":null,"@geometry":"center"},"geometry":{"type":"Point","coordinates":[105.2483047,-4.4892621]}},
{"type":"Feature","properties":{"id":"way/1188277904","@id":"way/1188277904","Lapangan":null,"access":null,"addr:city":null,"addr:country":null,"addr:district":null,"addr:full":null,"addr:housename":null,"addr:neighbourhood":null,"addr:postcode":null,"addr:province":null,"addr:street":null,"addr:subdistrict":null,"addr:unit":null,"alt_name":null,"area":"yes","boundary":null,"building":null,"charge":null,"check_date":null,"description":null,"ele":null,"fee":null,"gns:dsg":null,"historic":null,"inscription":null,"intermittent":null,"landuse":null,"last_eruption":null,"layer":null,"leisure":"museum","man_made":null,"memorial":null,"museum":null,"name":"Taman Makam Pahlawan Tulang Bawang","name:en":null,"name:es":null,"name:etymology:wikidata":null,"name:etymology:wikipedia":null,"name:id":null,"name:ms":null,"name:pt":null,"name:sk":null,"natural":null,"kabupaten":null,"note":null,"opening_hours":null,"operator":null,"operator:type":null,"place":null,"prominence":null,"religion":null,"seamark:light:character":null,"seamark:light:colour":null,"seamark:light:height":null,"seamark:light:period":null,"seamark:light:range":null,"seamark:light:reference":null,"seamark:name":null,"smoking":null,"source":null,"sport":null,"surface":null,"tourism":"attraction","type":null,"volcano:status":null,"volcano:type":null,"waterway":null,"website":null,"wikidata":null,"wikimedia_commons":null,"wikipedia":null,"@geometry":"center"},"geometry":{"type":"Point","coordinates":[105.2318369,-4.5165965]}},
{"type":"Feature","properties":{"id":"way/1188277907","@id":"way/1188277907","Lapangan":null,"access":null,"addr:city":null,"addr:country":null,"addr:district":null,"addr:full":null,"addr:housename":null,"addr:neighbourhood":null,"addr:postcode":null,"addr:province":null,"addr:street":null,"addr:subdistrict":null,"addr:unit":null,"alt_name":null,"area":null,"boundary":null,"building":null,"charge":null,"check_date":null,"description":null,"ele":null,"fee":null,"gns:dsg":null,"historic":"monument","inscription":null,"intermittent":null,"landuse":null,"last_eruption":null,"layer":null,"leisure":null,"man_made":null,"memorial":null,"museum":null,"name":null,"name:en":null,"name:es":null,"name:etymology:wikidata":null,"name:etymology:wikipedia":null,"name:id":null,"name:ms":null,"name:pt":null,"name:sk":null,"natural":null,"kabupaten":null,"note":null,"opening_hours":null,"operator":null,"operator:type":null,"place":null,"prominence":null,"religion":null,"seamark:light:character":null,"seamark:light:colour":null,"seamark:light:height":null,"seamark:light:period":null,"seamark:light:range":null,"seamark:light:reference":null,"seamark:name":null,"smoking":null,"source":null,"sport":null,"surface":null,"tourism":null,"type":null,"volcano:status":null,"volcano:type":null,"waterway":null,"website":null,"wikidata":null,"wikimedia_commons":null,"wikipedia":null,"@geometry":"center"},"geometry":{"type":"Point","coordinates":[105.2318881,-4.516752]}},
{"type":"Feature","properties":{"id":"way/1304688098","@id":"way/1304688098","Lapangan":null,"access":null,"addr:city":null,"addr:country":null,"addr:district":null,"addr:full":null,"addr:housename":null,"addr:neighbourhood":null,"addr:postcode":null,"addr:province":null,"addr:street":null,"addr:subdistrict":null,"addr:unit":null,"alt_name":null,"area":null,"boundary":null,"building":null,"charge":null,"check_date":null,"description":null,"ele":null,"fee":null,"gns:dsg":null,"historic":null,"inscription":null,"intermittent":null,"landuse":null,"last_eruption":null,"layer":null,"leisure":"park","man_made":null,"memorial":null,"museum":null,"name":"Lapangan PU Way Jepara","name:en":null,"name:es":null,"name:etymology:wikidata":null,"name:etymology:wikipedia":null,"name:id":null,"name:ms":null,"name:pt":null,"name:sk":null,"natural":null,"kabupaten":null,"note":null,"opening_hours":null,"operator":null,"operator:type":null,"place":null,"prominence":null,"religion":null,"seamark:light:character":null,"seamark:light:colour":null,"seamark:light:height":null,"seamark:light:period":null,"seamark:light:range":null,"seamark:light:reference":null,"seamark:name":null,"smoking":null,"source":null,"sport":null,"surface":null,"tourism":null,"type":null,"volcano:status":null,"volcano:type":null,"waterway":null,"website":null,"wikidata":null,"wikimedia_commons":null,"wikipedia":null,"@geometry":"center"},"geometry":{"type":"Point","coordinates":[105.7058923,-5.1674976]}},
{"type":"Feature","properties":{"id":"way/1304759746","@id":"way/1304759746","Lapangan":null,"access":null,"addr:city":null,"addr:country":null,"addr:district":null,"addr:full":null,"addr:housename":null,"addr:neighbourhood":null,"addr:postcode":null,"addr:province":null,"addr:street":null,"addr:subdistrict":null,"addr:unit":null,"alt_name":null,"area":null,"boundary":null,"building":null,"charge":null,"check_date":null,"description":null,"ele":null,"fee":null,"gns:dsg":null,"historic":null,"inscription":null,"intermittent":null,"landuse":null,"last_eruption":null,"layer":null,"leisure":"park","man_made":null,"memorial":null,"museum":null,"name":"Lapangan Labuhan Ratu 1","name:en":null,"name:es":null,"name:etymology:wikidata":null,"name:etymology:wikipedia":null,"name:id":null,"name:ms":null,"name:pt":null,"name:sk":null,"natural":null,"kabupaten":null,"note":null,"opening_hours":null,"operator":null,"operator:type":null,"place":null,"prominence":null,"religion":null,"seamark:light:character":null,"seamark:light:colour":null,"seamark:light:height":null,"seamark:light:period":null,"seamark:light:range":null,"seamark:light:reference":null,"seamark:name":null,"smoking":null,"source":null,"sport":null,"surface":null,"tourism":null,"type":null,"volcano:status":null,"volcano:type":null,"waterway":null,"website":null,"wikidata":null,"wikimedia_commons":null,"wikipedia":null,"@geometry":"center"},"geometry":{"type":"Point","coordinates":[105.7003133,-5.1660471]}},
{"type":"Feature","properties":{"id":"way/1387732995","@id":"way/1387732995","Lapangan":null,"access":null,"addr:city":null,"addr:country":null,"addr:district":null,"addr:full":null,"addr:housename":null,"addr:neighbourhood":null,"addr:postcode":null,"addr:province":null,"addr:street":null,"addr:subdistrict":null,"addr:unit":null,"alt_name":null,"area":null,"boundary":null,"building":null,"charge":null,"check_date":null,"description":null,"ele":null,"fee":null,"gns:dsg":null,"historic":null,"inscription":null,"intermittent":null,"landuse":null,"last_eruption":null,"layer":null,"leisure":"park","man_made":null,"memorial":null,"museum":null,"name":null,"name:en":null,"name:es":null,"name:etymology:wikidata":null,"name:etymology:wikipedia":null,"name:id":null,"name:ms":null,"name:pt":null,"name:sk":null,"natural":null,"kabupaten":null,"note":null,"opening_hours":null,"operator":null,"operator:type":null,"place":null,"prominence":null,"religion":null,"seamark:light:character":null,"seamark:light:colour":null,"seamark:light:height":null,"seamark:light:period":null,"seamark:light:range":null,"seamark:light:reference":null,"seamark:name":null,"smoking":null,"source":null,"sport":null,"surface":null,"tourism":null,"type":null,"volcano:status":null,"volcano:type":null,"waterway":null,"website":null,"wikidata":null,"wikimedia_commons":null,"wikipedia":null,"@geometry":"center"},"geometry":{"type":"Point","coordinates":[105.2121796,-4.9763873]}},
{"type":"Feature","properties":{"id":"way/1387732996","@id":"way/1387732996","Lapangan":null,"access":null,"addr:city":null,"addr:country":null,"addr:district":null,"addr:full":null,"addr:housename":null,"addr:neighbourhood":null,"addr:postcode":null,"addr:province":null,"addr:street":null,"addr:subdistrict":null,"addr:unit":null,"alt_name":null,"area":null,"boundary":null,"building":null,"charge":null,"check_date":null,"description":null,"ele":null,"fee":null,"gns:dsg":null,"historic":null,"inscription":null,"intermittent":null,"landuse":null,"last_eruption":null,"layer":null,"leisure":"park","man_made":null,"memorial":null,"museum":null,"name":null,"name:en":null,"name:es":null,"name:etymology:wikidata":null,"name:etymology:wikipedia":null,"name:id":null,"name:ms":null,"name:pt":null,"name:sk":null,"natural":null,"kabupaten":null,"note":null,"opening_hours":null,"operator":null,"operator:type":null,"place":null,"prominence":null,"religion":null,"seamark:light:character":null,"seamark:light:colour":null,"seamark:light:height":null,"seamark:light:period":null,"seamark:light:range":null,"seamark:light:reference":null,"seamark:name":null,"smoking":null,"source":null,"sport":null,"surface":null,"tourism":null,"type":null,"volcano:status":null,"volcano:type":null,"waterway":null,"website":null,"wikidata":null,"wikimedia_commons":null,"wikipedia":null,"@geometry":"center"},"geometry":{"type":"Point","coordinates":[105.2131504,-4.9754524]}},
{"type":"Feature","properties":{"id":"way/1387732997","@id":"way/1387732997","Lapangan":null,"access":null,"addr:city":null,"addr:country":null,"addr:district":null,"addr:full":null,"addr:housename":null,"addr:neighbourhood":null,"addr:postcode":null,"addr:province":null,"addr:street":null,"addr:subdistrict":null,"addr:unit":null,"alt_name":null,"area":null,"boundary":null,"building":null,"charge":null,"check_date":null,"description":null,"ele":null,"fee":null,"gns:dsg":null,"historic":"monument","inscription":null,"intermittent":null,"landuse":null,"last_eruption":null,"layer":null,"leisure":null,"man_made":null,"memorial":null,"museum":null,"name":null,"name:en":null,"name:es":null,"name:etymology:wikidata":null,"name:etymology:wikipedia":null,"name:id":null,"name:ms":null,"name:pt":null,"name:sk":null,"natural":null,"kabupaten":null,"note":null,"opening_hours":null,"operator":null,"operator:type":null,"place":null,"prominence":null,"religion":null,"seamark:light:character":null,"seamark:light:colour":null,"seamark:light:height":null,"seamark:light:period":null,"seamark:light:range":null,"seamark:light:reference":null,"seamark:name":null,"smoking":null,"source":null,"sport":null,"surface":null,"tourism":null,"type":null,"volcano:status":null,"volcano:type":null,"waterway":null,"website":null,"wikidata":null,"wikimedia_commons":null,"wikipedia":null,"@geometry":"center"},"geometry":{"type":"Point","coordinates":[105.20983,-4.9833316]}},
{"type":"Feature","properties":{"id":"way/1412651559","@id":"way/1412651559","Lapangan":null,"access":null,"addr:city":null,"addr:country":null,"addr:district":null,"addr:full":null,"addr:housename":null,"addr:neighbourhood":null,"addr:postcode":null,"addr:province":null,"addr:street":null,"addr:subdistrict":null,"addr:unit":null,"alt_name":null,"area":null,"boundary":null,"building":null,"charge":null,"check_date":null,"description":null,"ele":null,"fee":null,"gns:dsg":null,"historic":null,"inscription":null,"intermittent":null,"landuse":null,"last_eruption":null,"layer":null,"leisure":"park","man_made":null,"memorial":null,"museum":null,"name":null,"name:en":null,"name:es":null,"name:etymology:wikidata":null,"name:etymology:wikipedia":null,"name:id":null,"name:ms":null,"name:pt":null,"name:sk":null,"natural":null,"kabupaten":null,"note":null,"opening_hours":null,"operator":null,"operator:type":null,"place":null,"prominence":null,"religion":null,"seamark:light:character":null,"seamark:light:colour":null,"seamark:light:height":null,"seamark:light:period":null,"seamark:light:range":null,"seamark:light:reference":null,"seamark:name":null,"smoking":null,"source":null,"sport":null,"surface":null,"tourism":null,"type":null,"volcano:status":null,"volcano:type":null,"waterway":null,"website":null,"wikidata":null,"wikimedia_commons":null,"wikipedia":null,"@geometry":"center"},"geometry":{"type":"Point","coordinates":[105.2251711,-4.4959055]}},
{"type":"Feature","properties":{"id":"node/3965235383","@id":"node/3965235383","Lapangan":null,"access":null,"addr:city":null,"addr:country":null,"addr:district":null,"addr:full":null,"addr:housename":null,"addr:neighbourhood":null,"addr:postcode":null,"addr:province":null,"addr:street":null,"addr:subdistrict":null,"addr:unit":null,"alt_name":null,"area":null,"boundary":null,"building":null,"charge":null,"check_date":null,"description":null,"ele":null,"fee":null,"gns:dsg":null,"historic":"monument","inscription":null,"intermittent":null,"landuse":null,"last_eruption":null,"layer":null,"leisure":null,"man_made":null,"memorial":null,"museum":null,"name":"Simpang MP","name:en":null,"name:es":null,"name:etymology:wikidata":null,"name:etymology:wikipedia":null,"name:id":null,"name:ms":null,"name:pt":null,"name:sk":null,"natural":null,"kabupaten":null,"note":null,"opening_hours":null,"operator":null,"operator:type":null,"place":null,"prominence":null,"religion":null,"seamark:light:character":null,"seamark:light:colour":null,"seamark:light:height":null,"seamark:light:period":null,"seamark:light:range":null,"seamark:light:reference":null,"seamark:name":null,"smoking":null,"source":null,"sport":null,"surface":null,"tourism":null,"type":null,"volcano:status":null,"volcano:type":null,"waterway":null,"website":null,"wikidata":null,"wikimedia_commons":null,"wikipedia":null,"@geometry":null},"geometry":{"type":"Point","coordinates":[105.4059157,-5.0121051]}},
{"type":"Feature","properties":{"id":"node/3965586554","@id":"node/3965586554","Lapangan":null,"access":null,"addr:city":null,"addr:country":null,"addr:district":null,"addr:full":null,"addr:housename":null,"addr:neighbourhood":null,"addr:postcode":null,"addr:province":null,"addr:street":null,"addr:subdistrict":null,"addr:unit":null,"alt_name":null,"area":null,"boundary":null,"building":null,"charge":null,"check_date":null,"description":null,"ele":null,"fee":null,"gns:dsg":null,"historic":"monument","inscription":null,"intermittent":null,"landuse":null,"last_eruption":null,"layer":null,"leisure":null,"man_made":null,"memorial":null,"museum":null,"name":"Catur Muka","name:en":null,"name:es":null,"name:etymology:wikidata":null,"name:etymology:wikipedia":null,"name:id":null,"name:ms":null,"name:pt":null,"name:sk":null,"natural":null,"kabupaten":null,"note":null,"opening_hours":null,"operator":null,"operator:type":null,"place":null,"prominence":null,"religion":null,"seamark:light:character":null,"seamark:light:colour":null,"seamark:light:height":null,"seamark:light:period":null,"seamark:light:range":null,"seamark:light:reference":null,"seamark:name":null,"smoking":null,"source":null,"sport":null,"surface":null,"tourism":null,"type":null,"volcano:status":null,"volcano:type":null,"waterway":null,"website":null,"wikidata":null,"wikimedia_commons":null,"wikipedia":null,"@geometry":null},"geometry":{"type":"Point","coordinates":[105.3776098,-4.8826575]}},
{"type":"Feature","properties":{"id":"node/6239286059","@id":"node/6239286059","Lapangan":null,"access":null,"addr:city":null,"addr:country":null,"addr:district":null,"addr:full":null,"addr:housename":null,"addr:neighbourhood":null,"addr:postcode":null,"addr:province":null,"addr:street":null,"addr:subdistrict":null,"addr:unit":null,"alt_name":null,"area":null,"boundary":null,"building":null,"charge":null,"check_date":null,"description":null,"ele":null,"fee":null,"gns:dsg":null,"historic":"monument","inscription":null,"intermittent":null,"landuse":null,"last_eruption":null,"layer":null,"leisure":"tugu","man_made":null,"memorial":null,"museum":null,"name":"Tugu Rato Nago Besanding","name:en":null,"name:es":null,"name:etymology:wikidata":null,"name:etymology:wikipedia":null,"name:id":null,"name:ms":null,"name:pt":null,"name:sk":null,"natural":null,"kabupaten":null,"note":null,"opening_hours":null,"operator":null,"operator:type":null,"place":null,"prominence":null,"religion":null,"seamark:light:character":null,"seamark:light:colour":null,"seamark:light:height":null,"seamark:light:period":null,"seamark:light:range":null,"seamark:light:reference":null,"seamark:name":null,"smoking":null,"source":null,"sport":null,"surface":null,"tourism":null,"type":null,"volcano:status":null,"volcano:type":null,"waterway":null,"website":null,"wikidata":null,"wikimedia_commons":null,"wikipedia":null,"@geometry":null},"geometry":{"type":"Point","coordinates":[105.087072,-4.5396876]}},
{"type":"Feature","properties":{"id":"node/7973241494","@id":"node/7973241494","Lapangan":null,"access":null,"addr:city":null,"addr:country":null,"addr:district":null,"addr:full":null,"addr:housename":null,"addr:neighbourhood":null,"addr:postcode":null,"addr:province":null,"addr:street":null,"addr:subdistrict":null,"addr:unit":null,"alt_name":null,"area":null,"boundary":null,"building":null,"charge":null,"check_date":null,"description":null,"ele":null,"fee":null,"gns:dsg":null,"historic":null,"inscription":null,"intermittent":null,"landuse":null,"last_eruption":null,"layer":null,"leisure":null,"man_made":null,"memorial":null,"museum":null,"name":"Simpang Raden Intan","name:en":null,"name:es":null,"name:etymology:wikidata":null,"name:etymology:wikipedia":null,"name:id":null,"name:ms":null,"name:pt":null,"name:sk":null,"natural":null,"kabupaten":null,"note":null,"opening_hours":null,"operator":null,"operator:type":null,"place":null,"prominence":null,"religion":null,"seamark:light:character":null,"seamark:light:colour":null,"seamark:light:height":null,"seamark:light:period":null,"seamark:light:range":null,"seamark:light:reference":null,"seamark:name":null,"smoking":null,"source":null,"sport":null,"surface":null,"tourism":"viewpoint","type":null,"volcano:status":null,"volcano:type":null,"waterway":null,"website":null,"wikidata":null,"wikimedia_commons":null,"wikipedia":null,"@geometry":null},"geometry":{"type":"Point","coordinates":[104.8642154,-4.8426385]}},
{"type":"Feature","properties":{"id":"node/7973241689","@id":"node/7973241689","Lapangan":null,"access":null,"addr:city":null,"addr:country":null,"addr:district":null,"addr:full":null,"addr:housename":null,"addr:neighbourhood":null,"addr:postcode":null,"addr:province":null,"addr:street":null,"addr:subdistrict":null,"addr:unit":null,"alt_name":null,"area":null,"boundary":null,"building":null,"charge":null,"check_date":null,"description":null,"ele":null,"fee":null,"gns:dsg":null,"historic":null,"inscription":null,"intermittent":null,"landuse":null,"last_eruption":null,"layer":null,"leisure":null,"man_made":null,"memorial":null,"museum":null,"name":"Simpang ke tempat pak Edi Loader","name:en":null,"name:es":null,"name:etymology:wikidata":null,"name:etymology:wikipedia":null,"name:id":null,"name:ms":null,"name:pt":null,"name:sk":null,"natural":null,"kabupaten":null,"note":null,"opening_hours":null,"operator":null,"operator:type":null,"place":null,"prominence":null,"religion":null,"seamark:light:character":null,"seamark:light:colour":null,"seamark:light:height":null,"seamark:light:period":null,"seamark:light:range":null,"seamark:light:reference":null,"seamark:name":null,"smoking":null,"source":null,"sport":null,"surface":null,"tourism":"viewpoint","type":null,"volcano:status":null,"volcano:type":null,"waterway":null,"website":null,"wikidata":null,"wikimedia_commons":null,"wikipedia":null,"@geometry":null},"geometry":{"type":"Point","coordinates":[104.9757602,-4.9233662]}},
{"type":"Feature","properties":{"id":"node/7973242289","@id":"node/7973242289","Lapangan":null,"access":null,"addr:city":null,"addr:country":null,"addr:district":null,"addr:full":null,"addr:housename":null,"addr:neighbourhood":null,"addr:postcode":null,"addr:province":null,"addr:street":null,"addr:subdistrict":null,"addr:unit":null,"alt_name":null,"area":null,"boundary":null,"building":null,"charge":null,"check_date":null,"description":null,"ele":null,"fee":null,"gns:dsg":null,"historic":null,"inscription":null,"intermittent":null,"landuse":null,"last_eruption":null,"layer":null,"leisure":null,"man_made":null,"memorial":null,"museum":null,"name":"Simpang ke tempat pak Edi Loader","name:en":null,"name:es":null,"name:etymology:wikidata":null,"name:etymology:wikipedia":null,"name:id":null,"name:ms":null,"name:pt":null,"name:sk":null,"natural":null,"kabupaten":null,"note":null,"opening_hours":null,"operator":null,"operator:type":null,"place":null,"prominence":null,"religion":null,"seamark:light:character":null,"seamark:light:colour":null,"seamark:light:height":null,"seamark:light:period":null,"seamark:light:range":null,"seamark:light:reference":null,"seamark:name":null,"smoking":null,"source":null,"sport":null,"surface":null,"tourism":"viewpoint","type":null,"volcano:status":null,"volcano:type":null,"waterway":null,"website":null,"wikidata":null,"wikimedia_commons":null,"wikipedia":null,"@geometry":null},"geometry":{"type":"Point","coordinates":[104.9955619,-4.8872632]}},
{"type":"Feature","properties":{"id":"node/7973242302","@id":"node/7973242302","Lapangan":null,"access":null,"addr:city":null,"addr:country":null,"addr:district":null,"addr:full":null,"addr:housename":null,"addr:neighbourhood":null,"addr:postcode":null,"addr:province":null,"addr:street":null,"addr:subdistrict":null,"addr:unit":null,"alt_name":null,"area":null,"boundary":null,"building":null,"charge":null,"check_date":null,"description":null,"ele":null,"fee":null,"gns:dsg":null,"historic":null,"inscription":null,"intermittent":null,"landuse":null,"last_eruption":null,"layer":null,"leisure":null,"man_made":null,"memorial":null,"museum":null,"name":"Simpang tiga Way Rarem","name:en":null,"name:es":null,"name:etymology:wikidata":null,"name:etymology:wikipedia":null,"name:id":null,"name:ms":null,"name:pt":null,"name:sk":null,"natural":null,"kabupaten":null,"note":null,"opening_hours":null,"operator":null,"operator:type":null,"place":null,"prominence":null,"religion":null,"seamark:light:character":null,"seamark:light:colour":null,"seamark:light:height":null,"seamark:light:period":null,"seamark:light:range":null,"seamark:light:reference":null,"seamark:name":null,"smoking":null,"source":null,"sport":null,"surface":null,"tourism":"viewpoint","type":null,"volcano:status":null,"volcano:type":null,"waterway":null,"website":null,"wikidata":null,"wikimedia_commons":null,"wikipedia":null,"@geometry":null},"geometry":{"type":"Point","coordinates":[104.8159926,-4.891388]}},
{"type":"Feature","properties":{"id":"node/7973244604","@id":"node/7973244604","Lapangan":null,"access":null,"addr:city":null,"addr:country":null,"addr:district":null,"addr:full":null,"addr:housename":null,"addr:neighbourhood":null,"addr:postcode":null,"addr:province":null,"addr:street":null,"addr:subdistrict":null,"addr:unit":null,"alt_name":null,"area":null,"boundary":null,"building":null,"charge":null,"check_date":null,"description":null,"ele":null,"fee":null,"gns:dsg":null,"historic":null,"inscription":null,"intermittent":null,"landuse":null,"last_eruption":null,"layer":null,"leisure":"tugu","man_made":null,"memorial":null,"museum":null,"name":"Taman Kopiah Emas","name:en":null,"name:es":null,"name:etymology:wikidata":null,"name:etymology:wikipedia":null,"name:id":null,"name:ms":null,"name:pt":null,"name:sk":null,"natural":null,"kabupaten":null,"note":null,"opening_hours":null,"operator":null,"operator:type":null,"place":null,"prominence":null,"religion":null,"seamark:light:character":null,"seamark:light:colour":null,"seamark:light:height":null,"seamark:light:period":null,"seamark:light:range":null,"seamark:light:reference":null,"seamark:name":null,"smoking":null,"source":null,"sport":null,"surface":null,"tourism":"viewpoint","type":null,"volcano:status":null,"volcano:type":null,"waterway":null,"website":null,"wikidata":null,"wikimedia_commons":null,"wikipedia":null,"@geometry":null},"geometry":{"type":"Point","coordinates":[105.2131727,-4.9754027]}},
{"type":"Feature","properties":{"id":"node/7973244611","@id":"node/7973244611","Lapangan":null,"access":null,"addr:city":null,"addr:country":null,"addr:district":null,"addr:full":null,"addr:housename":null,"addr:neighbourhood":null,"addr:postcode":null,"addr:province":null,"addr:street":null,"addr:subdistrict":null,"addr:unit":null,"alt_name":null,"area":null,"boundary":null,"building":null,"charge":null,"check_date":null,"description":null,"ele":null,"fee":null,"gns:dsg":null,"historic":null,"inscription":null,"intermittent":null,"landuse":null,"last_eruption":null,"layer":null,"leisure":null,"man_made":null,"memorial":null,"museum":null,"name":"Simpang tiga","name:en":null,"name:es":null,"name:etymology:wikidata":null,"name:etymology:wikipedia":null,"name:id":null,"name:ms":null,"name:pt":null,"name:sk":null,"natural":null,"kabupaten":null,"note":null,"opening_hours":null,"operator":null,"operator:type":null,"place":null,"prominence":null,"religion":null,"seamark:light:character":null,"seamark:light:colour":null,"seamark:light:height":null,"seamark:light:period":null,"seamark:light:range":null,"seamark:light:reference":null,"seamark:name":null,"smoking":null,"source":null,"sport":null,"surface":null,"tourism":"viewpoint","type":null,"volcano:status":null,"volcano:type":null,"waterway":null,"website":null,"wikidata":null,"wikimedia_commons":null,"wikipedia":null,"@geometry":null},"geometry":{"type":"Point","coordinates":[104.9682211,-5.0501191]}},
{"type":"Feature","properties":{"id":"node/9333754654","@id":"node/9333754654","Lapangan":null,"access":null,"addr:city":null,"addr:country":null,"addr:district":null,"addr:full":null,"addr:housename":null,"addr:neighbourhood":null,"addr:postcode":null,"addr:province":null,"addr:street":null,"addr:subdistrict":null,"addr:unit":null,"alt_name":null,"area":null,"boundary":null,"building":null,"charge":null,"check_date":null,"description":null,"ele":null,"fee":null,"gns:dsg":null,"historic":null,"inscription":null,"intermittent":null,"landuse":null,"last_eruption":null,"layer":null,"leisure":"park","man_made":null,"memorial":null,"museum":null,"name":"Lapangan Sri Kencono","name:en":null,"name:es":null,"name:etymology:wikidata":null,"name:etymology:wikipedia":null,"name:id":null,"name:ms":null,"name:pt":null,"name:sk":null,"natural":null,"kabupaten":null,"note":null,"opening_hours":null,"operator":null,"operator:type":null,"place":null,"prominence":null,"religion":null,"seamark:light:character":null,"seamark:light:colour":null,"seamark:light:height":null,"seamark:light:period":null,"seamark:light:range":null,"seamark:light:reference":null,"seamark:name":null,"smoking":null,"source":null,"sport":null,"surface":null,"tourism":null,"type":null,"volcano:status":null,"volcano:type":null,"waterway":null,"website":null,"wikidata":null,"wikimedia_commons":null,"wikipedia":null,"@geometry":null},"geometry":{"type":"Point","coordinates":[105.5695204,-4.7150662]}},
{"type":"Feature","properties":{"id":"node/9580957371","@id":"node/9580957371","Lapangan":null,"access":null,"addr:city":null,"addr:country":null,"addr:district":null,"addr:full":null,"addr:housename":null,"addr:neighbourhood":null,"addr:postcode":null,"addr:province":null,"addr:street":null,"addr:subdistrict":null,"addr:unit":null,"alt_name":null,"area":null,"boundary":null,"building":null,"charge":null,"check_date":null,"description":null,"ele":null,"fee":null,"gns:dsg":null,"historic":"monument","inscription":null,"intermittent":null,"landuse":null,"last_eruption":null,"layer":null,"leisure":null,"man_made":null,"memorial":null,"museum":null,"name":null,"name:en":null,"name:es":null,"name:etymology:wikidata":null,"name:etymology:wikipedia":null,"name:id":null,"name:ms":null,"name:pt":null,"name:sk":null,"natural":null,"kabupaten":null,"note":null,"opening_hours":null,"operator":null,"operator:type":null,"place":null,"prominence":null,"religion":null,"seamark:light:character":null,"seamark:light:colour":null,"seamark:light:height":null,"seamark:light:period":null,"seamark:light:range":null,"seamark:light:reference":null,"seamark:name":null,"smoking":null,"source":null,"sport":null,"surface":null,"tourism":null,"type":null,"volcano:status":null,"volcano:type":null,"waterway":null,"website":null,"wikidata":null,"wikimedia_commons":null,"wikipedia":null,"@geometry":null},"geometry":{"type":"Point","coordinates":[105.0890915,-4.5220363]}},
{"type":"Feature","properties":{"id":"node/9580999805","@id":"node/9580999805","Lapangan":null,"access":null,"addr:city":null,"addr:country":null,"addr:district":null,"addr:full":null,"addr:housename":null,"addr:neighbourhood":null,"addr:postcode":null,"addr:province":null,"addr:street":null,"addr:subdistrict":null,"addr:unit":null,"alt_name":null,"area":null,"boundary":null,"building":null,"charge":null,"check_date":null,"description":null,"ele":null,"fee":null,"gns:dsg":null,"historic":"monument","inscription":null,"intermittent":null,"landuse":null,"last_eruption":null,"layer":null,"leisure":"tugu","man_made":null,"memorial":null,"museum":null,"name":"Tugu Empat Marga","name:en":null,"name:es":null,"name:etymology:wikidata":null,"name:etymology:wikipedia":null,"name:id":null,"name:ms":null,"name:pt":null,"name:sk":null,"natural":null,"kabupaten":null,"note":null,"opening_hours":null,"operator":null,"operator:type":null,"place":null,"prominence":null,"religion":null,"seamark:light:character":null,"seamark:light:colour":null,"seamark:light:height":null,"seamark:light:period":null,"seamark:light:range":null,"seamark:light:reference":null,"seamark:name":null,"smoking":null,"source":null,"sport":null,"surface":null,"tourism":null,"type":null,"volcano:status":null,"volcano:type":null,"waterway":null,"website":null,"wikidata":null,"wikimedia_commons":null,"wikipedia":null,"@geometry":null},"geometry":{"type":"Point","coordinates":[105.1060255,-4.4874864]}},
{"type":"Feature","properties":{"id":"node/9581034323","@id":"node/9581034323","Lapangan":null,"access":null,"addr:city":null,"addr:country":null,"addr:district":null,"addr:full":null,"addr:housename":null,"addr:neighbourhood":null,"addr:postcode":null,"addr:province":null,"addr:street":null,"addr:subdistrict":null,"addr:unit":null,"alt_name":null,"area":null,"boundary":null,"building":null,"charge":null,"check_date":null,"description":null,"ele":null,"fee":null,"gns:dsg":null,"historic":null,"inscription":null,"intermittent":null,"landuse":null,"last_eruption":null,"layer":null,"leisure":null,"man_made":null,"memorial":null,"museum":null,"name":"Rumah Baduy","name:en":null,"name:es":null,"name:etymology:wikidata":null,"name:etymology:wikipedia":null,"name:id":null,"name:ms":null,"name:pt":null,"name:sk":null,"natural":null,"kabupaten":null,"note":null,"opening_hours":null,"operator":null,"operator:type":null,"place":null,"prominence":null,"religion":null,"seamark:light:character":null,"seamark:light:colour":null,"seamark:light:height":null,"seamark:light:period":null,"seamark:light:range":null,"seamark:light:reference":null,"seamark:name":null,"smoking":null,"source":null,"sport":null,"surface":null,"tourism":"attraction","type":null,"volcano:status":null,"volcano:type":null,"waterway":null,"website":null,"wikidata":null,"wikimedia_commons":null,"wikipedia":null,"@geometry":null},"geometry":{"type":"Point","coordinates":[105.0846187,-4.5329279]}},
{"type":"Feature","properties":{"id":"node/10001370358","@id":"node/10001370358","Lapangan":null,"access":null,"addr:city":null,"addr:country":null,"addr:district":null,"addr:full":null,"addr:housename":null,"addr:neighbourhood":null,"addr:postcode":null,"addr:province":null,"addr:street":null,"addr:subdistrict":null,"addr:unit":null,"alt_name":null,"area":null,"boundary":null,"building":null,"charge":null,"check_date":null,"description":null,"ele":null,"fee":null,"gns:dsg":null,"historic":"monument","inscription":null,"intermittent":null,"landuse":null,"last_eruption":null,"layer":null,"leisure":"tugu","man_made":null,"memorial":null,"museum":null,"name":"Tugu Pena Ceria","name:en":null,"name:es":null,"name:etymology:wikidata":null,"name:etymology:wikipedia":null,"name:id":null,"name:ms":null,"name:pt":null,"name:sk":null,"natural":null,"kabupaten":null,"note":null,"opening_hours":null,"operator":null,"operator:type":null,"place":null,"prominence":null,"religion":null,"seamark:light:character":null,"seamark:light:colour":null,"seamark:light:height":null,"seamark:light:period":null,"seamark:light:range":null,"seamark:light:reference":null,"seamark:name":null,"smoking":null,"source":null,"sport":null,"surface":null,"tourism":null,"type":null,"volcano:status":null,"volcano:type":null,"waterway":null,"website":null,"wikidata":null,"wikimedia_commons":null,"wikipedia":null,"@geometry":null},"geometry":{"type":"Point","coordinates":[105.3060915,-5.1141481]}},
{"type":"Feature","properties":{"id":"node/10001370359","@id":"node/10001370359","Lapangan":null,"access":null,"addr:city":null,"addr:country":null,"addr:district":null,"addr:full":null,"addr:housename":null,"addr:neighbourhood":null,"addr:postcode":null,"addr:province":null,"addr:street":null,"addr:subdistrict":null,"addr:unit":null,"alt_name":null,"area":null,"boundary":null,"building":null,"charge":null,"check_date":null,"description":null,"ele":null,"fee":null,"gns:dsg":null,"historic":"monument","inscription":null,"intermittent":null,"landuse":null,"last_eruption":null,"layer":null,"leisure":"tugu","man_made":null,"memorial":null,"museum":null,"name":"Monumen Pengantin Lampung","name:en":null,"name:es":null,"name:etymology:wikidata":null,"name:etymology:wikipedia":null,"name:id":null,"name:ms":null,"name:pt":null,"name:sk":null,"natural":null,"kabupaten":null,"note":null,"opening_hours":null,"operator":null,"operator:type":null,"place":null,"prominence":null,"religion":null,"seamark:light:character":null,"seamark:light:colour":null,"seamark:light:height":null,"seamark:light:period":null,"seamark:light:range":null,"seamark:light:reference":null,"seamark:name":null,"smoking":null,"source":null,"sport":null,"surface":null,"tourism":null,"type":null,"volcano:status":null,"volcano:type":null,"waterway":null,"website":null,"wikidata":null,"wikimedia_commons":null,"wikipedia":null,"@geometry":null},"geometry":{"type":"Point","coordinates":[105.3091309,-5.1140629]}},
{"type":"Feature","properties":{"id":"node/10001370360","@id":"node/10001370360","Lapangan":null,"access":null,"addr:city":null,"addr:country":null,"addr:district":null,"addr:full":null,"addr:housename":null,"addr:neighbourhood":null,"addr:postcode":null,"addr:province":null,"addr:street":null,"addr:subdistrict":null,"addr:unit":null,"alt_name":null,"area":null,"boundary":null,"building":null,"charge":null,"check_date":null,"description":null,"ele":null,"fee":null,"gns:dsg":null,"historic":"monument","inscription":null,"intermittent":null,"landuse":null,"last_eruption":null,"layer":null,"leisure":"tugu","man_made":null,"memorial":null,"museum":null,"name":"Monumen Latsitarda Nusantara","name:en":null,"name:es":null,"name:etymology:wikidata":null,"name:etymology:wikipedia":null,"name:id":null,"name:ms":null,"name:pt":null,"name:sk":null,"natural":null,"kabupaten":null,"note":null,"opening_hours":null,"operator":null,"operator:type":null,"place":null,"prominence":null,"religion":null,"seamark:light:character":null,"seamark:light:colour":null,"seamark:light:height":null,"seamark:light:period":null,"seamark:light:range":null,"seamark:light:reference":null,"seamark:name":null,"smoking":null,"source":null,"sport":null,"surface":null,"tourism":null,"type":null,"volcano:status":null,"volcano:type":null,"waterway":null,"website":null,"wikidata":null,"wikimedia_commons":null,"wikipedia":null,"@geometry":null},"geometry":{"type":"Point","coordinates":[105.3091362,-5.1142803]}},
{"type":"Feature","properties":{"id":"node/11760375001","@id":"node/11760375001","Lapangan":null,"access":null,"addr:city":null,"addr:country":null,"addr:district":null,"addr:full":null,"addr:housename":null,"addr:neighbourhood":null,"addr:postcode":null,"addr:province":null,"addr:street":null,"addr:subdistrict":null,"addr:unit":null,"alt_name":null,"area":null,"boundary":null,"building":null,"charge":null,"check_date":null,"description":null,"ele":null,"fee":null,"gns:dsg":null,"historic":"monument","inscription":null,"intermittent":null,"landuse":null,"last_eruption":null,"layer":null,"leisure":"tugu","man_made":null,"memorial":null,"museum":null,"name":"Tugu Gemerlang","name:en":null,"name:es":null,"name:etymology:wikidata":null,"name:etymology:wikipedia":null,"name:id":null,"name:ms":null,"name:pt":null,"name:sk":null,"natural":null,"kabupaten":null,"note":null,"opening_hours":null,"operator":null,"operator:type":null,"place":null,"prominence":null,"religion":null,"seamark:light:character":null,"seamark:light:colour":null,"seamark:light:height":null,"seamark:light:period":null,"seamark:light:range":null,"seamark:light:reference":null,"seamark:name":null,"smoking":null,"source":null,"sport":null,"surface":null,"tourism":null,"type":null,"volcano:status":null,"volcano:type":null,"waterway":null,"website":null,"wikidata":null,"wikimedia_commons":null,"wikipedia":null,"@geometry":null},"geometry":{"type":"Point","coordinates":[105.3097812,-5.1162674]}},
{"type":"Feature","properties":{"id":"node/13313184810","@id":"node/13313184810","Lapangan":null,"access":null,"addr:city":null,"addr:country":null,"addr:district":null,"addr:full":null,"addr:housename":null,"addr:neighbourhood":null,"addr:postcode":null,"addr:province":null,"addr:street":null,"addr:subdistrict":null,"addr:unit":null,"alt_name":null,"area":null,"boundary":null,"building":null,"charge":null,"check_date":null,"description":null,"ele":null,"fee":null,"gns:dsg":null,"historic":null,"inscription":null,"intermittent":null,"landuse":null,"last_eruption":null,"layer":null,"leisure":"park","man_made":null,"memorial":null,"museum":null,"name":"Taman Sahabat","name:en":null,"name:es":null,"name:etymology:wikidata":null,"name:etymology:wikipedia":null,"name:id":null,"name:ms":null,"name:pt":null,"name:sk":null,"natural":null,"kabupaten":null,"note":null,"opening_hours":null,"operator":null,"operator:type":null,"place":null,"prominence":null,"religion":null,"seamark:light:character":null,"seamark:light:colour":null,"seamark:light:height":null,"seamark:light:period":null,"seamark:light:range":null,"seamark:light:reference":null,"seamark:name":null,"smoking":null,"source":null,"sport":null,"surface":null,"tourism":null,"type":null,"volcano:status":null,"volcano:type":null,"waterway":null,"website":null,"wikidata":null,"wikimedia_commons":null,"wikipedia":null,"@geometry":null},"geometry":{"type":"Point","coordinates":[104.8833743,-4.824678]}},
{"type":"Feature","properties":{"id":"way/403999593","@id":"way/403999593","Lapangan":null,"access":null,"addr:city":null,"addr:country":null,"addr:district":null,"addr:full":null,"addr:housename":null,"addr:neighbourhood":null,"addr:postcode":null,"addr:province":null,"addr:street":null,"addr:subdistrict":null,"addr:unit":null,"alt_name":null,"area":null,"boundary":null,"building":null,"charge":null,"check_date":null,"description":null,"ele":null,"fee":null,"gns:dsg":null,"historic":null,"inscription":null,"intermittent":null,"landuse":null,"last_eruption":null,"layer":null,"leisure":"park","man_made":null,"memorial":null,"museum":null,"name":null,"name:en":null,"name:es":null,"name:etymology:wikidata":null,"name:etymology:wikipedia":null,"name:id":null,"name:ms":null,"name:pt":null,"name:sk":null,"natural":null,"kabupaten":null,"note":null,"opening_hours":null,"operator":null,"operator:type":null,"place":null,"prominence":null,"religion":null,"seamark:light:character":null,"seamark:light:colour":null,"seamark:light:height":null,"seamark:light:period":null,"seamark:light:range":null,"seamark:light:reference":null,"seamark:name":null,"smoking":null,"source":null,"sport":null,"surface":null,"tourism":null,"type":null,"volcano:status":null,"volcano:type":null,"waterway":null,"website":null,"wikidata":null,"wikimedia_commons":null,"wikipedia":null,"@geometry":"center"},"geometry":{"type":"Point","coordinates":[105.2983787,-5.3657102]}},
{"type":"Feature","properties":{"id":"way/404322903","@id":"way/404322903","Lapangan":null,"access":null,"addr:city":null,"addr:country":null,"addr:district":null,"addr:full":null,"addr:housename":null,"addr:neighbourhood":null,"addr:postcode":null,"addr:province":null,"addr:street":null,"addr:subdistrict":null,"addr:unit":null,"alt_name":null,"area":null,"boundary":null,"building":null,"charge":null,"check_date":null,"description":null,"ele":null,"fee":null,"gns:dsg":null,"historic":null,"inscription":null,"intermittent":null,"landuse":null,"last_eruption":null,"layer":null,"leisure":"park","man_made":null,"memorial":null,"museum":null,"name":null,"name:en":null,"name:es":null,"name:etymology:wikidata":null,"name:etymology:wikipedia":null,"name:id":null,"name:ms":null,"name:pt":null,"name:sk":null,"natural":null,"kabupaten":null,"note":null,"opening_hours":null,"operator":null,"operator:type":null,"place":null,"prominence":null,"religion":null,"seamark:light:character":null,"seamark:light:colour":null,"seamark:light:height":null,"seamark:light:period":null,"seamark:light:range":null,"seamark:light:reference":null,"seamark:name":null,"smoking":null,"source":null,"sport":null,"surface":null,"tourism":null,"type":null,"volcano:status":null,"volcano:type":null,"waterway":null,"website":null,"wikidata":null,"wikimedia_commons":null,"wikipedia":null,"@geometry":"center"},"geometry":{"type":"Point","coordinates":[105.307228,-5.3887911]}},
{"type":"Feature","properties":{"id":"way/404324341","@id":"way/404324341","Lapangan":null,"access":null,"addr:city":null,"addr:country":null,"addr:district":null,"addr:full":null,"addr:housename":null,"addr:neighbourhood":null,"addr:postcode":null,"addr:province":null,"addr:street":null,"addr:subdistrict":null,"addr:unit":null,"alt_name":null,"area":null,"boundary":null,"building":null,"charge":null,"check_date":null,"description":null,"ele":null,"fee":null,"gns:dsg":null,"historic":null,"inscription":null,"intermittent":null,"landuse":null,"last_eruption":null,"layer":null,"leisure":"water_park","man_made":null,"memorial":null,"museum":null,"name":null,"name:en":null,"name:es":null,"name:etymology:wikidata":null,"name:etymology:wikipedia":null,"name:id":null,"name:ms":null,"name:pt":null,"name:sk":null,"natural":null,"kabupaten":null,"note":null,"opening_hours":null,"operator":null,"operator:type":null,"place":null,"prominence":null,"religion":null,"seamark:light:character":null,"seamark:light:colour":null,"seamark:light:height":null,"seamark:light:period":null,"seamark:light:range":null,"seamark:light:reference":null,"seamark:name":null,"smoking":null,"source":null,"sport":null,"surface":null,"tourism":null,"type":null,"volcano:status":null,"volcano:type":null,"waterway":null,"website":null,"wikidata":null,"wikimedia_commons":null,"wikipedia":null,"@geometry":"center"},"geometry":{"type":"Point","coordinates":[105.3116909,-5.4058208]}},
{"type":"Feature","properties":{"id":"way/564005420","@id":"way/564005420","Lapangan":null,"access":null,"addr:city":null,"addr:country":null,"addr:district":null,"addr:full":null,"addr:housename":null,"addr:neighbourhood":null,"addr:postcode":null,"addr:province":null,"addr:street":null,"addr:subdistrict":null,"addr:unit":null,"alt_name":null,"area":null,"boundary":null,"building":null,"charge":null,"check_date":null,"description":null,"ele":null,"fee":null,"gns:dsg":null,"historic":null,"inscription":null,"intermittent":null,"landuse":null,"last_eruption":null,"layer":null,"leisure":"park","man_made":null,"memorial":null,"museum":null,"name":"PKOR Way Halim","name:en":null,"name:es":null,"name:etymology:wikidata":null,"name:etymology:wikipedia":null,"name:id":null,"name:ms":null,"name:pt":null,"name:sk":null,"natural":null,"kabupaten":null,"note":null,"opening_hours":null,"operator":null,"operator:type":null,"place":null,"prominence":null,"religion":null,"seamark:light:character":null,"seamark:light:colour":null,"seamark:light:height":null,"seamark:light:period":null,"seamark:light:range":null,"seamark:light:reference":null,"seamark:name":null,"smoking":null,"source":null,"sport":null,"surface":null,"tourism":null,"type":null,"volcano:status":null,"volcano:type":null,"waterway":null,"website":null,"wikidata":null,"wikimedia_commons":null,"wikipedia":null,"@geometry":"center"},"geometry":{"type":"Point","coordinates":[105.2794004,-5.3787988]}},
{"type":"Feature","properties":{"id":"way/806283375","@id":"way/806283375","Lapangan":null,"access":null,"addr:city":null,"addr:country":null,"addr:district":null,"addr:full":null,"addr:housename":null,"addr:neighbourhood":null,"addr:postcode":null,"addr:province":null,"addr:street":null,"addr:subdistrict":null,"addr:unit":null,"alt_name":null,"area":null,"boundary":null,"building":null,"charge":null,"check_date":null,"description":null,"ele":null,"fee":null,"gns:dsg":null,"historic":null,"inscription":null,"intermittent":null,"landuse":null,"last_eruption":null,"layer":null,"leisure":"park","man_made":null,"memorial":null,"museum":null,"name":"PKOR Way Halim","name:en":null,"name:es":null,"name:etymology:wikidata":null,"name:etymology:wikipedia":null,"name:id":null,"name:ms":null,"name:pt":null,"name:sk":null,"natural":null,"kabupaten":null,"note":null,"opening_hours":null,"operator":null,"operator:type":null,"place":null,"prominence":null,"religion":null,"seamark:light:character":null,"seamark:light:colour":null,"seamark:light:height":null,"seamark:light:period":null,"seamark:light:range":null,"seamark:light:reference":null,"seamark:name":null,"smoking":null,"source":null,"sport":null,"surface":null,"tourism":null,"type":null,"volcano:status":null,"volcano:type":null,"waterway":null,"website":null,"wikidata":null,"wikimedia_commons":null,"wikipedia":null,"@geometry":"center"},"geometry":{"type":"Point","coordinates":[105.2797336,-5.3778229]}},
{"type":"Feature","properties":{"id":"way/974989508","@id":"way/974989508","Lapangan":null,"access":null,"addr:city":null,"addr:country":null,"addr:district":null,"addr:full":null,"addr:housename":null,"addr:neighbourhood":null,"addr:postcode":null,"addr:province":null,"addr:street":null,"addr:subdistrict":null,"addr:unit":null,"alt_name":null,"area":null,"boundary":null,"building":null,"charge":null,"check_date":null,"description":null,"ele":null,"fee":null,"gns:dsg":null,"historic":null,"inscription":null,"intermittent":null,"landuse":null,"last_eruption":null,"layer":null,"leisure":"beach","man_made":null,"memorial":null,"museum":null,"name":"Pantai Pasir Putih","name:en":null,"name:es":null,"name:etymology:wikidata":null,"name:etymology:wikipedia":null,"name:id":null,"name:ms":null,"name:pt":null,"name:sk":null,"natural":"beach","kabupaten":null,"note":null,"opening_hours":null,"operator":null,"operator:type":null,"place":null,"prominence":null,"religion":null,"seamark:light:character":null,"seamark:light:colour":null,"seamark:light:height":null,"seamark:light:period":null,"seamark:light:range":null,"seamark:light:reference":null,"seamark:name":null,"smoking":null,"source":null,"sport":null,"surface":null,"tourism":null,"type":null,"volcano:status":null,"volcano:type":null,"waterway":null,"website":null,"wikidata":null,"wikimedia_commons":null,"wikipedia":null,"@geometry":"center"},"geometry":{"type":"Point","coordinates":[105.3546948,-5.5285995]}},
{"type":"Feature","properties":{"id":"node/1070161557","@id":"node/1070161557","Lapangan":null,"access":null,"addr:city":null,"addr:country":null,"addr:district":null,"addr:full":null,"addr:housename":null,"addr:neighbourhood":null,"addr:postcode":null,"addr:province":null,"addr:street":null,"addr:subdistrict":null,"addr:unit":null,"alt_name":null,"area":null,"boundary":null,"building":null,"charge":null,"check_date":null,"description":null,"ele":null,"fee":null,"gns:dsg":"MT","historic":null,"inscription":null,"intermittent":null,"landuse":null,"last_eruption":null,"layer":null,"leisure":null,"man_made":null,"memorial":null,"museum":null,"name":"Batuserampuk","name:en":null,"name:es":null,"name:etymology:wikidata":null,"name:etymology:wikipedia":null,"name:id":null,"name:ms":null,"name:pt":null,"name:sk":null,"natural":"peak","kabupaten":null,"note":"Modify date: 1994-01-29","opening_hours":null,"operator":null,"operator:type":null,"place":null,"prominence":null,"religion":null,"seamark:light:character":null,"seamark:light:colour":null,"seamark:light:height":null,"seamark:light:period":null,"seamark:light:range":null,"seamark:light:reference":null,"seamark:name":null,"smoking":null,"source":"NGA-GNS","sport":null,"surface":null,"tourism":null,"type":null,"volcano:status":null,"volcano:type":null,"waterway":null,"website":null,"wikidata":"Q25005400","wikimedia_commons":null,"wikipedia":null,"@geometry":null},"geometry":{"type":"Point","coordinates":[105.366667,-5.5]}},
{"type":"Feature","properties":{"id":"node/1070193733","@id":"node/1070193733","Lapangan":null,"access":null,"addr:city":null,"addr:country":null,"addr:district":null,"addr:full":null,"addr:housename":null,"addr:neighbourhood":null,"addr:postcode":null,"addr:province":null,"addr:street":null,"addr:subdistrict":null,"addr:unit":null,"alt_name":null,"area":null,"boundary":null,"building":null,"charge":null,"check_date":null,"description":null,"ele":null,"fee":null,"gns:dsg":"HLL","historic":null,"inscription":null,"intermittent":null,"landuse":null,"last_eruption":null,"layer":null,"leisure":"mount","man_made":null,"memorial":null,"museum":null,"name":"Gunung Kunyit","name:en":null,"name:es":null,"name:etymology:wikidata":null,"name:etymology:wikipedia":null,"name:id":null,"name:ms":null,"name:pt":null,"name:sk":null,"natural":"peak","kabupaten":null,"note":"Modify date: 1994-01-29","opening_hours":null,"operator":null,"operator:type":null,"place":null,"prominence":null,"religion":null,"seamark:light:character":null,"seamark:light:colour":null,"seamark:light:height":null,"seamark:light:period":null,"seamark:light:range":null,"seamark:light:reference":null,"seamark:name":null,"smoking":null,"source":"NGA-GNS","sport":null,"surface":null,"tourism":null,"type":null,"volcano:status":null,"volcano:type":null,"waterway":null,"website":null,"wikidata":"Q24881828","wikimedia_commons":null,"wikipedia":null,"@geometry":null},"geometry":{"type":"Point","coordinates":[105.2810538,-5.4447997]}},
{"type":"Feature","properties":{"id":"way/1328836969","@id":"way/1328836969","Lapangan":null,"access":null,"addr:city":null,"addr:country":null,"addr:district":null,"addr:full":null,"addr:housename":null,"addr:neighbourhood":null,"addr:postcode":null,"addr:province":null,"addr:street":null,"addr:subdistrict":null,"addr:unit":null,"alt_name":null,"area":null,"boundary":null,"building":null,"charge":null,"check_date":null,"description":null,"ele":null,"fee":null,"gns:dsg":null,"historic":null,"inscription":null,"intermittent":null,"landuse":null,"last_eruption":null,"layer":null,"leisure":"water_park","man_made":null,"memorial":null,"museum":null,"name":null,"name:en":null,"name:es":null,"name:etymology:wikidata":null,"name:etymology:wikipedia":null,"name:id":null,"name:ms":null,"name:pt":null,"name:sk":null,"natural":null,"kabupaten":null,"note":null,"opening_hours":null,"operator":null,"operator:type":null,"place":null,"prominence":null,"religion":null,"seamark:light:character":null,"seamark:light:colour":null,"seamark:light:height":null,"seamark:light:period":null,"seamark:light:range":null,"seamark:light:reference":null,"seamark:name":null,"smoking":null,"source":"microsoft/BuildingFootprints","sport":null,"surface":null,"tourism":null,"type":null,"volcano:status":null,"volcano:type":null,"waterway":null,"website":null,"wikidata":null,"wikimedia_commons":null,"wikipedia":null,"@geometry":"center"},"geometry":{"type":"Point","coordinates":[105.7446699,-5.3020547]}},
{"type":"Feature","properties":{"id":"way/1344477590","@id":"way/1344477590","Lapangan":null,"access":null,"addr:city":null,"addr:country":null,"addr:district":null,"addr:full":null,"addr:housename":null,"addr:neighbourhood":null,"addr:postcode":null,"addr:province":null,"addr:street":null,"addr:subdistrict":null,"addr:unit":null,"alt_name":null,"area":null,"boundary":null,"building":null,"charge":null,"check_date":null,"description":null,"ele":null,"fee":null,"gns:dsg":null,"historic":null,"inscription":null,"intermittent":null,"landuse":null,"last_eruption":null,"layer":null,"leisure":"park","man_made":null,"memorial":null,"museum":null,"name":null,"name:en":null,"name:es":null,"name:etymology:wikidata":null,"name:etymology:wikipedia":null,"name:id":null,"name:ms":null,"name:pt":null,"name:sk":null,"natural":null,"kabupaten":null,"note":null,"opening_hours":null,"operator":null,"operator:type":null,"place":null,"prominence":null,"religion":null,"seamark:light:character":null,"seamark:light:colour":null,"seamark:light:height":null,"seamark:light:period":null,"seamark:light:range":null,"seamark:light:reference":null,"seamark:name":null,"smoking":null,"source":null,"sport":null,"surface":null,"tourism":null,"type":null,"volcano:status":null,"volcano:type":null,"waterway":null,"website":null,"wikidata":null,"wikimedia_commons":null,"wikipedia":null,"@geometry":"center"},"geometry":{"type":"Point","coordinates":[105.3305658,-5.4940364]}},
{"type":"Feature","properties":{"id":"way/1351795005","@id":"way/1351795005","Lapangan":null,"access":null,"addr:city":null,"addr:country":null,"addr:district":null,"addr:full":null,"addr:housename":null,"addr:neighbourhood":null,"addr:postcode":null,"addr:province":null,"addr:street":null,"addr:subdistrict":null,"addr:unit":null,"alt_name":null,"area":null,"boundary":null,"building":null,"charge":null,"check_date":null,"description":null,"ele":null,"fee":null,"gns:dsg":null,"historic":null,"inscription":null,"intermittent":null,"landuse":null,"last_eruption":null,"layer":null,"leisure":"park","man_made":null,"memorial":null,"museum":null,"name":null,"name:en":null,"name:es":null,"name:etymology:wikidata":null,"name:etymology:wikipedia":null,"name:id":null,"name:ms":null,"name:pt":null,"name:sk":null,"natural":null,"kabupaten":null,"note":null,"opening_hours":null,"operator":null,"operator:type":null,"place":null,"prominence":null,"religion":null,"seamark:light:character":null,"seamark:light:colour":null,"seamark:light:height":null,"seamark:light:period":null,"seamark:light:range":null,"seamark:light:reference":null,"seamark:name":null,"smoking":null,"source":null,"sport":null,"surface":null,"tourism":null,"type":null,"volcano:status":null,"volcano:type":null,"waterway":null,"website":null,"wikidata":null,"wikimedia_commons":null,"wikipedia":null,"@geometry":"center"},"geometry":{"type":"Point","coordinates":[105.3332162,-5.5023721]}},
{"type":"Feature","properties":{"id":"node/6330088376","@id":"node/6330088376","Lapangan":null,"access":null,"addr:city":null,"addr:country":null,"addr:district":null,"addr:full":null,"addr:housename":null,"addr:neighbourhood":null,"addr:postcode":null,"addr:province":null,"addr:street":null,"addr:subdistrict":null,"addr:unit":null,"alt_name":null,"area":null,"boundary":null,"building":null,"charge":null,"check_date":null,"description":null,"ele":null,"fee":null,"gns:dsg":null,"historic":null,"inscription":null,"intermittent":null,"landuse":null,"last_eruption":null,"layer":null,"leisure":"park","man_made":null,"memorial":null,"museum":null,"name":null,"name:en":null,"name:es":null,"name:etymology:wikidata":null,"name:etymology:wikipedia":null,"name:id":null,"name:ms":null,"name:pt":null,"name:sk":null,"natural":null,"kabupaten":null,"note":null,"opening_hours":null,"operator":null,"operator:type":null,"place":null,"prominence":null,"religion":null,"seamark:light:character":null,"seamark:light:colour":null,"seamark:light:height":null,"seamark:light:period":null,"seamark:light:range":null,"seamark:light:reference":null,"seamark:name":null,"smoking":null,"source":null,"sport":null,"surface":null,"tourism":null,"type":null,"volcano:status":null,"volcano:type":null,"waterway":null,"website":null,"wikidata":null,"wikimedia_commons":null,"wikipedia":null,"@geometry":null},"geometry":{"type":"Point","coordinates":[105.3015553,-5.4443355]}},
{"type":"Feature","properties":{"id":"node/10044106395","@id":"node/10044106395","Lapangan":null,"access":null,"addr:city":null,"addr:country":null,"addr:district":null,"addr:full":null,"addr:housename":null,"addr:neighbourhood":null,"addr:postcode":null,"addr:province":null,"addr:street":null,"addr:subdistrict":null,"addr:unit":null,"alt_name":null,"area":null,"boundary":null,"building":null,"charge":null,"check_date":null,"description":null,"ele":null,"fee":null,"gns:dsg":null,"historic":null,"inscription":null,"intermittent":null,"landuse":null,"last_eruption":null,"layer":null,"leisure":"park","man_made":null,"memorial":null,"museum":null,"name":"Aula Djasta Ba'in Desa Sidoasri","name:en":null,"name:es":null,"name:etymology:wikidata":null,"name:etymology:wikipedia":null,"name:id":null,"name:ms":null,"name:pt":null,"name:sk":null,"natural":null,"kabupaten":null,"note":null,"opening_hours":null,"operator":null,"operator:type":null,"place":null,"prominence":null,"religion":null,"seamark:light:character":null,"seamark:light:colour":null,"seamark:light:height":null,"seamark:light:period":null,"seamark:light:range":null,"seamark:light:reference":null,"seamark:name":null,"smoking":null,"source":null,"sport":null,"surface":null,"tourism":null,"type":null,"volcano:status":null,"volcano:type":null,"waterway":null,"website":null,"wikidata":null,"wikimedia_commons":null,"wikipedia":null,"@geometry":null},"geometry":{"type":"Point","coordinates":[105.5522348,-5.5577695]}},
{"type":"Feature","properties":{"id":"node/10044106403","@id":"node/10044106403","Lapangan":null,"access":null,"addr:city":null,"addr:country":null,"addr:district":null,"addr:full":null,"addr:housename":null,"addr:neighbourhood":null,"addr:postcode":null,"addr:province":null,"addr:street":null,"addr:subdistrict":null,"addr:unit":null,"alt_name":null,"area":null,"boundary":null,"building":null,"charge":null,"check_date":null,"description":null,"ele":null,"fee":null,"gns:dsg":null,"historic":null,"inscription":null,"intermittent":null,"landuse":null,"last_eruption":null,"layer":null,"leisure":"park","man_made":null,"memorial":null,"museum":null,"name":"Lapangan Bola Sidoluhur","name:en":null,"name:es":null,"name:etymology:wikidata":null,"name:etymology:wikipedia":null,"name:id":null,"name:ms":null,"name:pt":null,"name:sk":null,"natural":null,"kabupaten":null,"note":null,"opening_hours":null,"operator":null,"operator:type":null,"place":null,"prominence":null,"religion":null,"seamark:light:character":null,"seamark:light:colour":null,"seamark:light:height":null,"seamark:light:period":null,"seamark:light:range":null,"seamark:light:reference":null,"seamark:name":null,"smoking":null,"source":null,"sport":null,"surface":null,"tourism":null,"type":null,"volcano:status":null,"volcano:type":null,"waterway":null,"website":null,"wikidata":null,"wikimedia_commons":null,"wikipedia":null,"@geometry":null},"geometry":{"type":"Point","coordinates":[105.5823574,-5.5440553]}},
{"type":"Feature","properties":{"id":"node/10044106410","@id":"node/10044106410","Lapangan":null,"access":null,"addr:city":null,"addr:country":null,"addr:district":null,"addr:full":null,"addr:housename":null,"addr:neighbourhood":null,"addr:postcode":null,"addr:province":null,"addr:street":null,"addr:subdistrict":null,"addr:unit":null,"alt_name":null,"area":null,"boundary":null,"building":null,"charge":null,"check_date":null,"description":null,"ele":null,"fee":null,"gns:dsg":null,"historic":null,"inscription":null,"intermittent":null,"landuse":null,"last_eruption":null,"layer":null,"leisure":"park","man_made":null,"memorial":null,"museum":null,"name":"Ruang Publik Desa Sidoasri","name:en":null,"name:es":null,"name:etymology:wikidata":null,"name:etymology:wikipedia":null,"name:id":null,"name:ms":null,"name:pt":null,"name:sk":null,"natural":null,"kabupaten":null,"note":null,"opening_hours":null,"operator":"SMK 17 Farming","operator:type":null,"place":null,"prominence":null,"religion":null,"seamark:light:character":null,"seamark:light:colour":null,"seamark:light:height":null,"seamark:light:period":null,"seamark:light:range":null,"seamark:light:reference":null,"seamark:name":null,"smoking":null,"source":null,"sport":null,"surface":null,"tourism":null,"type":null,"volcano:status":null,"volcano:type":null,"waterway":null,"website":null,"wikidata":null,"wikimedia_commons":null,"wikipedia":null,"@geometry":null},"geometry":{"type":"Point","coordinates":[105.5558297,-5.5620328]}},
{"type":"Feature","properties":{"id":"node/10158195083","@id":"node/10158195083","Lapangan":null,"access":null,"addr:city":null,"addr:country":null,"addr:district":null,"addr:full":null,"addr:housename":null,"addr:neighbourhood":null,"addr:postcode":null,"addr:province":null,"addr:street":null,"addr:subdistrict":null,"addr:unit":null,"alt_name":null,"area":null,"boundary":null,"building":null,"charge":null,"check_date":null,"description":null,"ele":null,"fee":null,"gns:dsg":null,"historic":null,"inscription":null,"intermittent":null,"landuse":null,"last_eruption":null,"layer":null,"leisure":"park","man_made":null,"memorial":null,"museum":null,"name":"Kebun Raya ITERA","name:en":null,"name:es":null,"name:etymology:wikidata":null,"name:etymology:wikipedia":null,"name:id":null,"name:ms":null,"name:pt":null,"name:sk":null,"natural":null,"kabupaten":null,"note":null,"opening_hours":null,"operator":"Pusat Konservasi","operator:type":null,"place":null,"prominence":null,"religion":null,"seamark:light:character":null,"seamark:light:colour":null,"seamark:light:height":null,"seamark:light:period":null,"seamark:light:range":null,"seamark:light:reference":null,"seamark:name":null,"smoking":null,"source":null,"sport":null,"surface":null,"tourism":null,"type":null,"volcano:status":null,"volcano:type":null,"waterway":null,"website":null,"wikidata":null,"wikimedia_commons":null,"wikipedia":null,"@geometry":null},"geometry":{"type":"Point","coordinates":[105.3100136,-5.3658647]}},
{"type":"Feature","properties":{"id":"node/11035527247","@id":"node/11035527247","Lapangan":null,"access":"yes","addr:city":"Bandar Lampung","addr:country":null,"addr:district":null,"addr:full":null,"addr:housename":null,"addr:neighbourhood":null,"addr:postcode":"35243","addr:province":null,"addr:street":"Karang Maritim, Kec Panjang","addr:subdistrict":null,"addr:unit":null,"alt_name":null,"area":null,"boundary":null,"building":null,"charge":null,"check_date":null,"description":null,"ele":null,"fee":null,"gns:dsg":null,"historic":null,"inscription":null,"intermittent":null,"landuse":null,"last_eruption":null,"layer":null,"leisure":"park","man_made":null,"memorial":null,"museum":null,"name":"Lapangan Baruna Ria","name:en":null,"name:es":null,"name:etymology:wikidata":null,"name:etymology:wikipedia":null,"name:id":null,"name:ms":null,"name:pt":null,"name:sk":null,"natural":null,"kabupaten":null,"note":"Tidak perbolehkan untuk akses kendaraan seperti motor, mobil, atau sejenisnya","opening_hours":"Mo-Su,PH 07:00-23:00","operator":null,"operator:type":null,"place":null,"prominence":null,"religion":null,"seamark:light:character":null,"seamark:light:colour":null,"seamark:light:height":null,"seamark:light:period":null,"seamark:light:range":null,"seamark:light:reference":null,"seamark:name":null,"smoking":"isolated","source":null,"sport":null,"surface":null,"tourism":null,"type":null,"volcano:status":null,"volcano:type":null,"waterway":null,"website":null,"wikidata":null,"wikimedia_commons":null,"wikipedia":null,"@geometry":null},"geometry":{"type":"Point","coordinates":[105.3251826,-5.4828795]}},
{"type":"Feature","properties":{"id":"node/12055127717","@id":"node/12055127717","Lapangan":null,"access":null,"addr:city":null,"addr:country":null,"addr:district":null,"addr:full":null,"addr:housename":null,"addr:neighbourhood":null,"addr:postcode":null,"addr:province":null,"addr:street":null,"addr:subdistrict":null,"addr:unit":null,"alt_name":null,"area":null,"boundary":null,"building":null,"charge":null,"check_date":null,"description":null,"ele":null,"fee":null,"gns:dsg":null,"historic":null,"inscription":null,"intermittent":null,"landuse":null,"last_eruption":null,"layer":null,"leisure":"resort","man_made":null,"memorial":null,"museum":null,"name":"rumah ayu","name:en":null,"name:es":null,"name:etymology:wikidata":null,"name:etymology:wikipedia":null,"name:id":null,"name:ms":null,"name:pt":null,"name:sk":null,"natural":null,"kabupaten":null,"note":null,"opening_hours":null,"operator":null,"operator:type":null,"place":null,"prominence":null,"religion":null,"seamark:light:character":null,"seamark:light:colour":null,"seamark:light:height":null,"seamark:light:period":null,"seamark:light:range":null,"seamark:light:reference":null,"seamark:name":null,"smoking":null,"source":null,"sport":null,"surface":null,"tourism":null,"type":null,"volcano:status":null,"volcano:type":null,"waterway":null,"website":null,"wikidata":null,"wikimedia_commons":null,"wikipedia":null,"@geometry":null},"geometry":{"type":"Point","coordinates":[105.2860572,-5.361614]}},
{"type":"Feature","properties":{"id":"node/12498455765","@id":"node/12498455765","Lapangan":null,"access":null,"addr:city":null,"addr:country":null,"addr:district":null,"addr:full":null,"addr:housename":null,"addr:neighbourhood":null,"addr:postcode":null,"addr:province":null,"addr:street":null,"addr:subdistrict":null,"addr:unit":null,"alt_name":null,"area":null,"boundary":null,"building":null,"charge":null,"check_date":null,"description":null,"ele":null,"fee":null,"gns:dsg":null,"historic":null,"inscription":null,"intermittent":null,"landuse":null,"last_eruption":null,"layer":null,"leisure":"beach","man_made":null,"memorial":null,"museum":null,"name":"Pantai Tiska","name:en":null,"name:es":null,"name:etymology:wikidata":null,"name:etymology:wikipedia":null,"name:id":null,"name:ms":null,"name:pt":null,"name:sk":null,"natural":"beach","kabupaten":null,"note":null,"opening_hours":null,"operator":null,"operator:type":null,"place":null,"prominence":null,"religion":null,"seamark:light:character":null,"seamark:light:colour":null,"seamark:light:height":null,"seamark:light:period":null,"seamark:light:range":null,"seamark:light:reference":null,"seamark:name":null,"smoking":null,"source":null,"sport":null,"surface":null,"tourism":null,"type":null,"volcano:status":null,"volcano:type":null,"waterway":null,"website":null,"wikidata":null,"wikimedia_commons":null,"wikipedia":null,"@geometry":null},"geometry":{"type":"Point","coordinates":[105.3253685,-5.4916158]}},
{"type":"Feature","properties":{"id":null,"@id":null,"Lapangan":null,"access":null,"addr:city":null,"addr:country":null,"addr:district":null,"addr:full":null,"addr:housename":null,"addr:neighbourhood":null,"addr:postcode":null,"addr:province":null,"addr:street":null,"addr:subdistrict":null,"addr:unit":null,"alt_name":null,"area":null,"boundary":null,"building":null,"charge":null,"check_date":null,"description":"Situs peninggalan zaman megalitik, klasik, hingga Islam.","ele":null,"fee":null,"gns:dsg":null,"historic":"archaeological_site","inscription":null,"intermittent":null,"landuse":null,"last_eruption":null,"layer":null,"leisure":"museum","man_made":null,"memorial":null,"museum":null,"name":"Taman Purbakala Pugung Raharjo","name:en":null,"name:es":null,"name:etymology:wikidata":null,"name:etymology:wikipedia":null,"name:id":null,"name:ms":null,"name:pt":null,"name:sk":null,"natural":null,"kabupaten":"Lampung Timur","note":null,"opening_hours":null,"operator":null,"operator:type":null,"place":null,"prominence":null,"religion":null,"seamark:light:character":null,"seamark:light:colour":null,"seamark:light:height":null,"seamark:light:period":null,"seamark:light:range":null,"seamark:light:reference":null,"seamark:name":null,"smoking":null,"source":null,"sport":null,"surface":null,"tourism":"museum","type":null,"volcano:status":null,"volcano:type":null,"waterway":null,"website":null,"wikidata":null,"wikimedia_commons":null,"wikipedia":null,"@geometry":null},"geometry":{"type":"Point","coordinates":[105.5701,-5.3039]}},
{"type":"Feature","properties":{"id":"node/7973241506","@id":"node/7973241506","Lapangan":null,"access":null,"addr:city":null,"addr:country":null,"addr:district":null,"addr:full":null,"addr:housename":null,"addr:neighbourhood":null,"addr:postcode":null,"addr:province":null,"addr:street":null,"addr:subdistrict":null,"addr:unit":null,"alt_name":null,"area":null,"boundary":null,"building":null,"charge":null,"check_date":null,"description":null,"ele":null,"fee":null,"gns:dsg":null,"historic":null,"inscription":null,"intermittent":null,"landuse":null,"last_eruption":null,"layer":null,"leisure":null,"man_made":null,"memorial":null,"museum":null,"name":"Simpang 4 Blambangan Umpu","name:en":null,"name:es":null,"name:etymology:wikidata":null,"name:etymology:wikipedia":null,"name:id":null,"name:ms":null,"name:pt":null,"name:sk":null,"natural":null,"kabupaten":null,"note":null,"opening_hours":null,"operator":null,"operator:type":null,"place":null,"prominence":null,"religion":null,"seamark:light:character":null,"seamark:light:colour":null,"seamark:light:height":null,"seamark:light:period":null,"seamark:light:range":null,"seamark:light:reference":null,"seamark:name":null,"smoking":null,"source":null,"sport":null,"surface":null,"tourism":"viewpoint","type":null,"volcano:status":null,"volcano:type":null,"waterway":null,"website":null,"wikidata":null,"wikimedia_commons":null,"wikipedia":null,"@geometry":null},"geometry":{"type":"Point","coordinates":[104.5036008,-4.5821362]}},
{"type":"Feature","properties":{"id":"way/654628404","@id":"way/654628404","Lapangan":null,"access":null,"addr:city":null,"addr:country":null,"addr:district":null,"addr:full":null,"addr:housename":null,"addr:neighbourhood":null,"addr:postcode":null,"addr:province":null,"addr:street":null,"addr:subdistrict":null,"addr:unit":null,"alt_name":null,"area":null,"boundary":null,"building":null,"charge":null,"check_date":null,"description":null,"ele":null,"fee":null,"gns:dsg":null,"historic":null,"inscription":null,"intermittent":null,"landuse":null,"last_eruption":null,"layer":null,"leisure":"park","man_made":null,"memorial":null,"museum":null,"name":"Taman Keragaman Hayati Mesuji","name:en":null,"name:es":null,"name:etymology:wikidata":null,"name:etymology:wikipedia":null,"name:id":null,"name:ms":null,"name:pt":null,"name:sk":null,"natural":null,"kabupaten":null,"note":null,"opening_hours":null,"operator":null,"operator:type":null,"place":null,"prominence":null,"religion":null,"seamark:light:character":null,"seamark:light:colour":null,"seamark:light:height":null,"seamark:light:period":null,"seamark:light:range":null,"seamark:light:reference":null,"seamark:name":null,"smoking":null,"source":null,"sport":null,"surface":null,"tourism":null,"type":null,"volcano:status":null,"volcano:type":null,"waterway":null,"website":null,"wikidata":null,"wikimedia_commons":null,"wikipedia":null,"@geometry":"center"},"geometry":{"type":"Point","coordinates":[105.3251263,-3.9529179]}},
{"type":"Feature","properties":{"id":"way/752850034","@id":"way/752850034","Lapangan":null,"access":null,"addr:city":null,"addr:country":null,"addr:district":null,"addr:full":null,"addr:housename":null,"addr:neighbourhood":null,"addr:postcode":null,"addr:province":null,"addr:street":null,"addr:subdistrict":null,"addr:unit":null,"alt_name":null,"area":null,"boundary":null,"building":null,"charge":null,"check_date":null,"description":null,"ele":null,"fee":null,"gns:dsg":null,"historic":null,"inscription":null,"intermittent":null,"landuse":null,"last_eruption":null,"layer":null,"leisure":"park","man_made":null,"memorial":null,"museum":null,"name":null,"name:en":null,"name:es":null,"name:etymology:wikidata":null,"name:etymology:wikipedia":null,"name:id":null,"name:ms":null,"name:pt":null,"name:sk":null,"natural":null,"kabupaten":null,"note":null,"opening_hours":null,"operator":null,"operator:type":null,"place":null,"prominence":null,"religion":null,"seamark:light:character":null,"seamark:light:colour":null,"seamark:light:height":null,"seamark:light:period":null,"seamark:light:range":null,"seamark:light:reference":null,"seamark:name":null,"smoking":null,"source":null,"sport":null,"surface":null,"tourism":null,"type":null,"volcano:status":null,"volcano:type":null,"waterway":null,"website":null,"wikidata":null,"wikimedia_commons":null,"wikipedia":null,"@geometry":"center"},"geometry":{"type":"Point","coordinates":[105.4377564,-3.9515233]}},
{"type":"Feature","properties":{"id":"way/763094152","@id":"way/763094152","Lapangan":null,"access":null,"addr:city":null,"addr:country":null,"addr:district":null,"addr:full":null,"addr:housename":null,"addr:neighbourhood":null,"addr:postcode":null,"addr:province":null,"addr:street":null,"addr:subdistrict":null,"addr:unit":null,"alt_name":null,"area":null,"boundary":null,"building":null,"charge":null,"check_date":null,"description":null,"ele":null,"fee":null,"gns:dsg":null,"historic":null,"inscription":null,"intermittent":null,"landuse":null,"last_eruption":null,"layer":null,"leisure":"park","man_made":null,"memorial":null,"museum":null,"name":null,"name:en":null,"name:es":null,"name:etymology:wikidata":null,"name:etymology:wikipedia":null,"name:id":null,"name:ms":null,"name:pt":null,"name:sk":null,"natural":null,"kabupaten":null,"note":null,"opening_hours":null,"operator":null,"operator:type":null,"place":null,"prominence":null,"religion":null,"seamark:light:character":null,"seamark:light:colour":null,"seamark:light:height":null,"seamark:light:period":null,"seamark:light:range":null,"seamark:light:reference":null,"seamark:name":null,"smoking":null,"source":null,"sport":null,"surface":null,"tourism":null,"type":null,"volcano:status":null,"volcano:type":null,"waterway":null,"website":null,"wikidata":null,"wikimedia_commons":null,"wikipedia":null,"@geometry":"center"},"geometry":{"type":"Point","coordinates":[105.3371316,-3.990147]}},
{"type":"Feature","properties":{"id":"way/1186357622","@id":"way/1186357622","Lapangan":null,"access":null,"addr:city":null,"addr:country":null,"addr:district":null,"addr:full":null,"addr:housename":null,"addr:neighbourhood":null,"addr:postcode":null,"addr:province":null,"addr:street":null,"addr:subdistrict":null,"addr:unit":null,"alt_name":null,"area":null,"boundary":null,"building":null,"charge":null,"check_date":null,"description":null,"ele":null,"fee":null,"gns:dsg":null,"historic":null,"inscription":null,"intermittent":null,"landuse":null,"last_eruption":null,"layer":null,"leisure":"park","man_made":null,"memorial":null,"museum":null,"name":null,"name:en":null,"name:es":null,"name:etymology:wikidata":null,"name:etymology:wikipedia":null,"name:id":null,"name:ms":null,"name:pt":null,"name:sk":null,"natural":null,"kabupaten":null,"note":null,"opening_hours":null,"operator":null,"operator:type":null,"place":null,"prominence":null,"religion":null,"seamark:light:character":null,"seamark:light:colour":null,"seamark:light:height":null,"seamark:light:period":null,"seamark:light:range":null,"seamark:light:reference":null,"seamark:name":null,"smoking":null,"source":null,"sport":null,"surface":null,"tourism":null,"type":null,"volcano:status":null,"volcano:type":null,"waterway":null,"website":null,"wikidata":null,"wikimedia_commons":null,"wikipedia":null,"@geometry":"center"},"geometry":{"type":"Point","coordinates":[105.4524643,-4.1799836]}},
{"type":"Feature","properties":{"id":"node/6114945784","@id":"node/6114945784","Lapangan":null,"access":null,"addr:city":null,"addr:country":null,"addr:district":null,"addr:full":null,"addr:housename":null,"addr:neighbourhood":null,"addr:postcode":null,"addr:province":null,"addr:street":null,"addr:subdistrict":null,"addr:unit":null,"alt_name":null,"area":null,"boundary":null,"building":null,"charge":null,"check_date":null,"description":null,"ele":null,"fee":null,"gns:dsg":null,"historic":null,"inscription":null,"intermittent":"yes","landuse":null,"last_eruption":null,"layer":null,"leisure":null,"man_made":null,"memorial":null,"museum":null,"name":"SPAM Bumdes Fajar Baru Madani","name:en":null,"name:es":null,"name:etymology:wikidata":null,"name:etymology:wikipedia":null,"name:id":null,"name:ms":null,"name:pt":null,"name:sk":null,"natural":"spring","kabupaten":null,"note":null,"opening_hours":null,"operator":null,"operator:type":null,"place":null,"prominence":null,"religion":null,"seamark:light:character":null,"seamark:light:colour":null,"seamark:light:height":null,"seamark:light:period":null,"seamark:light:range":null,"seamark:light:reference":null,"seamark:name":null,"smoking":null,"source":null,"sport":null,"surface":null,"tourism":null,"type":null,"volcano:status":null,"volcano:type":null,"waterway":null,"website":null,"wikidata":null,"wikimedia_commons":null,"wikipedia":null,"@geometry":null},"geometry":{"type":"Point","coordinates":[105.2815264,-3.9193708]}},
{"type":"Feature","properties":{"id":"node/6114946087","@id":"node/6114946087","Lapangan":null,"access":null,"addr:city":null,"addr:country":null,"addr:district":null,"addr:full":null,"addr:housename":null,"addr:neighbourhood":null,"addr:postcode":null,"addr:province":null,"addr:street":null,"addr:subdistrict":null,"addr:unit":null,"alt_name":null,"area":null,"boundary":null,"building":null,"charge":null,"check_date":null,"description":null,"ele":null,"fee":null,"gns:dsg":null,"historic":null,"inscription":null,"intermittent":null,"landuse":null,"last_eruption":null,"layer":null,"leisure":null,"man_made":null,"memorial":null,"museum":null,"name":"PAMSIMAS FAJAR MAKMUR 2018","name:en":null,"name:es":null,"name:etymology:wikidata":null,"name:etymology:wikipedia":null,"name:id":null,"name:ms":null,"name:pt":null,"name:sk":null,"natural":"spring","kabupaten":null,"note":null,"opening_hours":null,"operator":null,"operator:type":null,"place":null,"prominence":null,"religion":null,"seamark:light:character":null,"seamark:light:colour":null,"seamark:light:height":null,"seamark:light:period":null,"seamark:light:range":null,"seamark:light:reference":null,"seamark:name":null,"smoking":null,"source":null,"sport":null,"surface":null,"tourism":null,"type":null,"volcano:status":null,"volcano:type":null,"waterway":null,"website":null,"wikidata":null,"wikimedia_commons":null,"wikipedia":null,"@geometry":null},"geometry":{"type":"Point","coordinates":[105.2902104,-3.9116475]}},
{"type":"Feature","properties":{"id":"relation/7774646","@id":"relation/7774646","Lapangan":null,"access":null,"addr:city":null,"addr:country":null,"addr:district":null,"addr:full":null,"addr:housename":null,"addr:neighbourhood":null,"addr:postcode":null,"addr:province":null,"addr:street":null,"addr:subdistrict":null,"addr:unit":null,"alt_name":null,"area":null,"boundary":null,"building":null,"charge":null,"check_date":null,"description":null,"ele":null,"fee":null,"gns:dsg":null,"historic":null,"inscription":null,"intermittent":null,"landuse":null,"last_eruption":null,"layer":null,"leisure":"nature_reserve","man_made":null,"memorial":null,"museum":null,"name":"Taman Hutan Raya Wan Abdul Rachman","name:en":"Wan Abdul Rachman Forest Park","name:es":null,"name:etymology:wikidata":null,"name:etymology:wikipedia":null,"name:id":null,"name:ms":null,"name:pt":null,"name:sk":null,"natural":null,"kabupaten":null,"note":null,"opening_hours":null,"operator":null,"operator:type":null,"place":null,"prominence":null,"religion":null,"seamark:light:character":null,"seamark:light:colour":null,"seamark:light:height":null,"seamark:light:period":null,"seamark:light:range":null,"seamark:light:reference":null,"seamark:name":null,"smoking":null,"source":null,"sport":null,"surface":null,"tourism":null,"type":"multipolygon","volcano:status":null,"volcano:type":null,"waterway":null,"website":null,"wikidata":null,"wikimedia_commons":null,"wikipedia":null,"@geometry":"center"},"geometry":{"type":"Point","coordinates":[105.1362204,-5.4782265]}},
{"type":"Feature","properties":{"id":"way/404807096","@id":"way/404807096","Lapangan":null,"access":null,"addr:city":null,"addr:country":null,"addr:district":null,"addr:full":null,"addr:housename":null,"addr:neighbourhood":null,"addr:postcode":null,"addr:province":null,"addr:street":null,"addr:subdistrict":null,"addr:unit":null,"alt_name":null,"area":null,"boundary":null,"building":null,"charge":null,"check_date":null,"description":null,"ele":null,"fee":null,"gns:dsg":null,"historic":null,"inscription":null,"intermittent":null,"landuse":null,"last_eruption":null,"layer":null,"leisure":"park","man_made":null,"memorial":null,"museum":null,"name":null,"name:en":null,"name:es":null,"name:etymology:wikidata":null,"name:etymology:wikipedia":null,"name:id":null,"name:ms":null,"name:pt":null,"name:sk":null,"natural":null,"kabupaten":null,"note":null,"opening_hours":null,"operator":null,"operator:type":null,"place":null,"prominence":null,"religion":null,"seamark:light:character":null,"seamark:light:colour":null,"seamark:light:height":null,"seamark:light:period":null,"seamark:light:range":null,"seamark:light:reference":null,"seamark:name":null,"smoking":null,"source":null,"sport":null,"surface":null,"tourism":null,"type":null,"volcano:status":null,"volcano:type":null,"waterway":null,"website":null,"wikidata":null,"wikimedia_commons":null,"wikipedia":null,"@geometry":"center"},"geometry":{"type":"Point","coordinates":[105.1394746,-5.5995578]}},
{"type":"Feature","properties":{"id":"way/404897541","@id":"way/404897541","Lapangan":null,"access":null,"addr:city":null,"addr:country":null,"addr:district":null,"addr:full":null,"addr:housename":null,"addr:neighbourhood":null,"addr:postcode":null,"addr:province":null,"addr:street":null,"addr:subdistrict":null,"addr:unit":null,"alt_name":null,"area":null,"boundary":null,"building":null,"charge":null,"check_date":null,"description":null,"ele":null,"fee":null,"gns:dsg":null,"historic":null,"inscription":null,"intermittent":null,"landuse":null,"last_eruption":null,"layer":null,"leisure":"park","man_made":null,"memorial":null,"museum":null,"name":null,"name:en":null,"name:es":null,"name:etymology:wikidata":null,"name:etymology:wikipedia":null,"name:id":null,"name:ms":null,"name:pt":null,"name:sk":null,"natural":null,"kabupaten":null,"note":null,"opening_hours":null,"operator":null,"operator:type":null,"place":null,"prominence":null,"religion":null,"seamark:light:character":null,"seamark:light:colour":null,"seamark:light:height":null,"seamark:light:period":null,"seamark:light:range":null,"seamark:light:reference":null,"seamark:name":null,"smoking":null,"source":null,"sport":null,"surface":null,"tourism":null,"type":null,"volcano:status":null,"volcano:type":null,"waterway":null,"website":null,"wikidata":null,"wikimedia_commons":null,"wikipedia":null,"@geometry":"center"},"geometry":{"type":"Point","coordinates":[105.2360396,-5.3690398]}},
{"type":"Feature","properties":{"id":"way/557322744","@id":"way/557322744","Lapangan":null,"access":null,"addr:city":null,"addr:country":null,"addr:district":null,"addr:full":null,"addr:housename":null,"addr:neighbourhood":null,"addr:postcode":null,"addr:province":null,"addr:street":null,"addr:subdistrict":null,"addr:unit":null,"alt_name":null,"area":null,"boundary":null,"building":null,"charge":null,"check_date":null,"description":null,"ele":null,"fee":null,"gns:dsg":null,"historic":null,"inscription":null,"intermittent":null,"landuse":null,"last_eruption":null,"layer":null,"leisure":"park","man_made":null,"memorial":null,"museum":null,"name":"Tugu Pahlawan Park","name:en":null,"name:es":null,"name:etymology:wikidata":null,"name:etymology:wikipedia":null,"name:id":null,"name:ms":null,"name:pt":null,"name:sk":null,"natural":null,"kabupaten":null,"note":null,"opening_hours":null,"operator":null,"operator:type":null,"place":null,"prominence":null,"religion":null,"seamark:light:character":null,"seamark:light:colour":null,"seamark:light:height":null,"seamark:light:period":null,"seamark:light:range":null,"seamark:light:reference":null,"seamark:name":null,"smoking":null,"source":null,"sport":null,"surface":null,"tourism":null,"type":null,"volcano:status":null,"volcano:type":null,"waterway":null,"website":null,"wikidata":null,"wikimedia_commons":null,"wikipedia":null,"@geometry":"center"},"geometry":{"type":"Point","coordinates":[105.2575375,-5.4086917]}},
{"type":"Feature","properties":{"id":"way/557573836","@id":"way/557573836","Lapangan":null,"access":null,"addr:city":null,"addr:country":null,"addr:district":null,"addr:full":null,"addr:housename":null,"addr:neighbourhood":null,"addr:postcode":null,"addr:province":null,"addr:street":null,"addr:subdistrict":null,"addr:unit":null,"alt_name":null,"area":null,"boundary":null,"building":null,"charge":null,"check_date":null,"description":null,"ele":null,"fee":null,"gns:dsg":null,"historic":null,"inscription":null,"intermittent":null,"landuse":null,"last_eruption":null,"layer":null,"leisure":"park","man_made":null,"memorial":null,"museum":null,"name":null,"name:en":null,"name:es":null,"name:etymology:wikidata":null,"name:etymology:wikipedia":null,"name:id":null,"name:ms":null,"name:pt":null,"name:sk":null,"natural":null,"kabupaten":null,"note":null,"opening_hours":null,"operator":null,"operator:type":null,"place":null,"prominence":null,"religion":null,"seamark:light:character":null,"seamark:light:colour":null,"seamark:light:height":null,"seamark:light:period":null,"seamark:light:range":null,"seamark:light:reference":null,"seamark:name":null,"smoking":null,"source":null,"sport":null,"surface":null,"tourism":null,"type":null,"volcano:status":null,"volcano:type":null,"waterway":null,"website":null,"wikidata":null,"wikimedia_commons":null,"wikipedia":null,"@geometry":"center"},"geometry":{"type":"Point","coordinates":[105.2686915,-5.4439024]}},
{"type":"Feature","properties":{"id":"way/557584089","@id":"way/557584089","Lapangan":null,"access":null,"addr:city":null,"addr:country":null,"addr:district":null,"addr:full":null,"addr:housename":null,"addr:neighbourhood":null,"addr:postcode":null,"addr:province":null,"addr:street":null,"addr:subdistrict":null,"addr:unit":null,"alt_name":null,"area":null,"boundary":null,"building":null,"charge":null,"check_date":null,"description":null,"ele":null,"fee":null,"gns:dsg":null,"historic":null,"inscription":null,"intermittent":null,"landuse":null,"last_eruption":null,"layer":null,"leisure":"park","man_made":null,"memorial":null,"museum":null,"name":null,"name:en":null,"name:es":null,"name:etymology:wikidata":null,"name:etymology:wikipedia":null,"name:id":null,"name:ms":null,"name:pt":null,"name:sk":null,"natural":null,"kabupaten":null,"note":null,"opening_hours":null,"operator":null,"operator:type":null,"place":null,"prominence":null,"religion":null,"seamark:light:character":null,"seamark:light:colour":null,"seamark:light:height":null,"seamark:light:period":null,"seamark:light:range":null,"seamark:light:reference":null,"seamark:name":null,"smoking":null,"source":null,"sport":null,"surface":null,"tourism":null,"type":null,"volcano:status":null,"volcano:type":null,"waterway":null,"website":null,"wikidata":null,"wikimedia_commons":null,"wikipedia":null,"@geometry":"center"},"geometry":{"type":"Point","coordinates":[105.2406012,-5.3725417]}},
{"type":"Feature","properties":{"id":"way/557584189","@id":"way/557584189","Lapangan":null,"access":null,"addr:city":null,"addr:country":null,"addr:district":null,"addr:full":null,"addr:housename":null,"addr:neighbourhood":null,"addr:postcode":null,"addr:province":null,"addr:street":null,"addr:subdistrict":null,"addr:unit":null,"alt_name":null,"area":null,"boundary":null,"building":null,"charge":null,"check_date":null,"description":null,"ele":null,"fee":null,"gns:dsg":null,"historic":null,"inscription":null,"intermittent":null,"landuse":null,"last_eruption":null,"layer":null,"leisure":"park","man_made":null,"memorial":null,"museum":null,"name":"Taman Beringin Unila","name:en":null,"name:es":null,"name:etymology:wikidata":null,"name:etymology:wikipedia":null,"name:id":null,"name:ms":null,"name:pt":null,"name:sk":null,"natural":null,"kabupaten":null,"note":null,"opening_hours":null,"operator":"Universitas Lampung","operator:type":"university","place":null,"prominence":null,"religion":null,"seamark:light:character":null,"seamark:light:colour":null,"seamark:light:height":null,"seamark:light:period":null,"seamark:light:range":null,"seamark:light:reference":null,"seamark:name":null,"smoking":null,"source":null,"sport":null,"surface":null,"tourism":null,"type":null,"volcano:status":null,"volcano:type":null,"waterway":null,"website":null,"wikidata":null,"wikimedia_commons":null,"wikipedia":null,"@geometry":"center"},"geometry":{"type":"Point","coordinates":[105.2440431,-5.3651043]}},
{"type":"Feature","properties":{"id":"way/588255400","@id":"way/588255400","Lapangan":null,"access":null,"addr:city":null,"addr:country":null,"addr:district":null,"addr:full":null,"addr:housename":null,"addr:neighbourhood":null,"addr:postcode":null,"addr:province":null,"addr:street":null,"addr:subdistrict":null,"addr:unit":null,"alt_name":null,"area":null,"boundary":null,"building":null,"charge":null,"check_date":null,"description":null,"ele":null,"fee":null,"gns:dsg":null,"historic":null,"inscription":null,"intermittent":null,"landuse":null,"last_eruption":null,"layer":null,"leisure":"park","man_made":null,"memorial":null,"museum":null,"name":"pohon","name:en":null,"name:es":null,"name:etymology:wikidata":null,"name:etymology:wikipedia":null,"name:id":null,"name:ms":null,"name:pt":null,"name:sk":null,"natural":null,"kabupaten":null,"note":null,"opening_hours":null,"operator":null,"operator:type":null,"place":null,"prominence":null,"religion":null,"seamark:light:character":null,"seamark:light:colour":null,"seamark:light:height":null,"seamark:light:period":null,"seamark:light:range":null,"seamark:light:reference":null,"seamark:name":null,"smoking":null,"source":null,"sport":null,"surface":null,"tourism":null,"type":null,"volcano:status":null,"volcano:type":null,"waterway":null,"website":null,"wikidata":null,"wikimedia_commons":null,"wikipedia":null,"@geometry":"center"},"geometry":{"type":"Point","coordinates":[105.2663366,-5.4454639]}},
{"type":"Feature","properties":{"id":"way/633382297","@id":"way/633382297","Lapangan":null,"access":null,"addr:city":null,"addr:country":null,"addr:district":null,"addr:full":null,"addr:housename":null,"addr:neighbourhood":null,"addr:postcode":null,"addr:province":null,"addr:street":null,"addr:subdistrict":null,"addr:unit":null,"alt_name":null,"area":null,"boundary":null,"building":null,"charge":null,"check_date":null,"description":null,"ele":null,"fee":null,"gns:dsg":null,"historic":null,"inscription":null,"intermittent":null,"landuse":null,"last_eruption":null,"layer":null,"leisure":"park","man_made":null,"memorial":null,"museum":null,"name":null,"name:en":null,"name:es":null,"name:etymology:wikidata":null,"name:etymology:wikipedia":null,"name:id":null,"name:ms":null,"name:pt":null,"name:sk":null,"natural":null,"kabupaten":null,"note":null,"opening_hours":null,"operator":null,"operator:type":null,"place":null,"prominence":null,"religion":null,"seamark:light:character":null,"seamark:light:colour":null,"seamark:light:height":null,"seamark:light:period":null,"seamark:light:range":null,"seamark:light:reference":null,"seamark:name":null,"smoking":null,"source":null,"sport":null,"surface":null,"tourism":null,"type":null,"volcano:status":null,"volcano:type":null,"waterway":null,"website":null,"wikidata":null,"wikimedia_commons":null,"wikipedia":null,"@geometry":"center"},"geometry":{"type":"Point","coordinates":[105.2692206,-5.4399772]}},
{"type":"Feature","properties":{"id":"way/661625991","@id":"way/661625991","Lapangan":null,"access":null,"addr:city":null,"addr:country":null,"addr:district":null,"addr:full":null,"addr:housename":null,"addr:neighbourhood":null,"addr:postcode":null,"addr:province":null,"addr:street":null,"addr:subdistrict":null,"addr:unit":null,"alt_name":null,"area":null,"boundary":null,"building":null,"charge":null,"check_date":null,"description":null,"ele":null,"fee":null,"gns:dsg":null,"historic":null,"inscription":null,"intermittent":null,"landuse":null,"last_eruption":null,"layer":null,"leisure":"park","man_made":null,"memorial":null,"museum":null,"name":null,"name:en":null,"name:es":null,"name:etymology:wikidata":null,"name:etymology:wikipedia":null,"name:id":null,"name:ms":null,"name:pt":null,"name:sk":null,"natural":null,"kabupaten":null,"note":null,"opening_hours":null,"operator":null,"operator:type":null,"place":null,"prominence":null,"religion":null,"seamark:light:character":null,"seamark:light:colour":null,"seamark:light:height":null,"seamark:light:period":null,"seamark:light:range":null,"seamark:light:reference":null,"seamark:name":null,"smoking":null,"source":null,"sport":null,"surface":null,"tourism":null,"type":null,"volcano:status":null,"volcano:type":null,"waterway":null,"website":null,"wikidata":null,"wikimedia_commons":null,"wikipedia":null,"@geometry":"center"},"geometry":{"type":"Point","coordinates":[105.248594,-5.456561]}},
{"type":"Feature","properties":{"id":"way/728200808","@id":"way/728200808","Lapangan":null,"access":null,"addr:city":null,"addr:country":null,"addr:district":null,"addr:full":null,"addr:housename":null,"addr:neighbourhood":null,"addr:postcode":null,"addr:province":null,"addr:street":null,"addr:subdistrict":null,"addr:unit":null,"alt_name":null,"area":null,"boundary":null,"building":null,"charge":null,"check_date":null,"description":null,"ele":null,"fee":null,"gns:dsg":null,"historic":null,"inscription":null,"intermittent":null,"landuse":null,"last_eruption":null,"layer":null,"leisure":"park","man_made":null,"memorial":null,"museum":null,"name":"Citra park","name:en":null,"name:es":null,"name:etymology:wikidata":null,"name:etymology:wikipedia":null,"name:id":null,"name:ms":null,"name:pt":null,"name:sk":null,"natural":null,"kabupaten":null,"note":null,"opening_hours":null,"operator":null,"operator:type":null,"place":null,"prominence":null,"religion":null,"seamark:light:character":null,"seamark:light:colour":null,"seamark:light:height":null,"seamark:light:period":null,"seamark:light:range":null,"seamark:light:reference":null,"seamark:name":null,"smoking":null,"source":null,"sport":null,"surface":null,"tourism":null,"type":null,"volcano:status":null,"volcano:type":null,"waterway":null,"website":null,"wikidata":null,"wikimedia_commons":null,"wikipedia":null,"@geometry":"center"},"geometry":{"type":"Point","coordinates":[105.2461938,-5.4450764]}},
{"type":"Feature","properties":{"id":"way/728201095","@id":"way/728201095","Lapangan":null,"access":null,"addr:city":null,"addr:country":null,"addr:district":null,"addr:full":null,"addr:housename":null,"addr:neighbourhood":null,"addr:postcode":null,"addr:province":null,"addr:street":null,"addr:subdistrict":null,"addr:unit":null,"alt_name":null,"area":null,"boundary":null,"building":null,"charge":null,"check_date":null,"description":null,"ele":null,"fee":null,"gns:dsg":null,"historic":null,"inscription":null,"intermittent":null,"landuse":null,"last_eruption":null,"layer":null,"leisure":"park","man_made":null,"memorial":null,"museum":null,"name":"citra waterpark","name:en":null,"name:es":null,"name:etymology:wikidata":null,"name:etymology:wikipedia":null,"name:id":null,"name:ms":null,"name:pt":null,"name:sk":null,"natural":null,"kabupaten":null,"note":null,"opening_hours":null,"operator":null,"operator:type":null,"place":null,"prominence":null,"religion":null,"seamark:light:character":null,"seamark:light:colour":null,"seamark:light:height":null,"seamark:light:period":null,"seamark:light:range":null,"seamark:light:reference":null,"seamark:name":null,"smoking":null,"source":null,"sport":null,"surface":null,"tourism":null,"type":null,"volcano:status":null,"volcano:type":null,"waterway":null,"website":null,"wikidata":null,"wikimedia_commons":null,"wikipedia":null,"@geometry":"center"},"geometry":{"type":"Point","coordinates":[105.2482734,-5.4456493]}},
{"type":"Feature","properties":{"id":"way/735400987","@id":"way/735400987","Lapangan":null,"access":null,"addr:city":null,"addr:country":null,"addr:district":null,"addr:full":null,"addr:housename":null,"addr:neighbourhood":null,"addr:postcode":"35371","addr:province":null,"addr:street":"Jalan Ahmad Yani","addr:subdistrict":null,"addr:unit":null,"alt_name":null,"area":null,"boundary":null,"building":"museum","charge":null,"check_date":null,"description":null,"ele":null,"fee":null,"gns:dsg":null,"historic":null,"inscription":null,"intermittent":null,"landuse":null,"last_eruption":null,"layer":null,"leisure":"museum","man_made":null,"memorial":null,"museum":null,"name":"Museum Transmigrasi","name:en":null,"name:es":null,"name:etymology:wikidata":null,"name:etymology:wikipedia":null,"name:id":null,"name:ms":null,"name:pt":null,"name:sk":null,"natural":null,"kabupaten":null,"note":null,"opening_hours":null,"operator":null,"operator:type":null,"place":null,"prominence":null,"religion":null,"seamark:light:character":null,"seamark:light:colour":null,"seamark:light:height":null,"seamark:light:period":null,"seamark:light:range":null,"seamark:light:reference":null,"seamark:name":null,"smoking":null,"source":null,"sport":null,"surface":null,"tourism":"museum","type":null,"volcano:status":null,"volcano:type":null,"waterway":null,"website":null,"wikidata":"Q18193219","wikimedia_commons":null,"wikipedia":"id:Museum Nasional Ketransmigrasian","@geometry":"center"},"geometry":{"type":"Point","coordinates":[105.1071594,-5.377649]}},
{"type":"Feature","properties":{"id":"way/770580148","@id":"way/770580148","Lapangan":null,"access":null,"addr:city":null,"addr:country":null,"addr:district":null,"addr:full":null,"addr:housename":null,"addr:neighbourhood":null,"addr:postcode":null,"addr:province":null,"addr:street":null,"addr:subdistrict":null,"addr:unit":null,"alt_name":null,"area":null,"boundary":null,"building":null,"charge":null,"check_date":null,"description":null,"ele":null,"fee":null,"gns:dsg":null,"historic":null,"inscription":null,"intermittent":null,"landuse":null,"last_eruption":null,"layer":null,"leisure":"park","man_made":null,"memorial":null,"museum":null,"name":"Perum Taman Bukit Bakung Indah","name:en":null,"name:es":null,"name:etymology:wikidata":null,"name:etymology:wikipedia":null,"name:id":null,"name:ms":null,"name:pt":null,"name:sk":null,"natural":null,"kabupaten":null,"note":null,"opening_hours":null,"operator":null,"operator:type":null,"place":null,"prominence":null,"religion":null,"seamark:light:character":null,"seamark:light:colour":null,"seamark:light:height":null,"seamark:light:period":null,"seamark:light:range":null,"seamark:light:reference":null,"seamark:name":null,"smoking":null,"source":null,"sport":null,"surface":null,"tourism":null,"type":null,"volcano:status":null,"volcano:type":null,"waterway":null,"website":null,"wikidata":null,"wikimedia_commons":null,"wikipedia":null,"@geometry":"center"},"geometry":{"type":"Point","coordinates":[105.2487294,-5.4564521]}},
{"type":"Feature","properties":{"id":"way/778137448","@id":"way/778137448","Lapangan":null,"access":null,"addr:city":null,"addr:country":null,"addr:district":null,"addr:full":null,"addr:housename":null,"addr:neighbourhood":null,"addr:postcode":null,"addr:province":null,"addr:street":null,"addr:subdistrict":null,"addr:unit":null,"alt_name":null,"area":null,"boundary":null,"building":null,"charge":null,"check_date":null,"description":null,"ele":null,"fee":null,"gns:dsg":null,"historic":null,"inscription":null,"intermittent":null,"landuse":null,"last_eruption":null,"layer":null,"leisure":"park","man_made":null,"memorial":null,"museum":null,"name":null,"name:en":null,"name:es":null,"name:etymology:wikidata":null,"name:etymology:wikipedia":null,"name:id":null,"name:ms":null,"name:pt":null,"name:sk":null,"natural":null,"kabupaten":null,"note":null,"opening_hours":null,"operator":null,"operator:type":null,"place":null,"prominence":null,"religion":null,"seamark:light:character":null,"seamark:light:colour":null,"seamark:light:height":null,"seamark:light:period":null,"seamark:light:range":null,"seamark:light:reference":null,"seamark:name":null,"smoking":null,"source":null,"sport":null,"surface":null,"tourism":null,"type":null,"volcano:status":null,"volcano:type":null,"waterway":null,"website":null,"wikidata":null,"wikimedia_commons":null,"wikipedia":null,"@geometry":"center"},"geometry":{"type":"Point","coordinates":[105.2452355,-5.4457685]}},
{"type":"Feature","properties":{"id":"way/821351951","@id":"way/821351951","Lapangan":null,"access":null,"addr:city":null,"addr:country":null,"addr:district":null,"addr:full":null,"addr:housename":null,"addr:neighbourhood":null,"addr:postcode":null,"addr:province":null,"addr:street":null,"addr:subdistrict":null,"addr:unit":null,"alt_name":null,"area":null,"boundary":null,"building":null,"charge":null,"check_date":null,"description":null,"ele":null,"fee":null,"gns:dsg":null,"historic":null,"inscription":null,"intermittent":null,"landuse":null,"last_eruption":null,"layer":null,"leisure":"park","man_made":null,"memorial":null,"museum":null,"name":null,"name:en":null,"name:es":null,"name:etymology:wikidata":null,"name:etymology:wikipedia":null,"name:id":null,"name:ms":null,"name:pt":null,"name:sk":null,"natural":null,"kabupaten":null,"note":null,"opening_hours":null,"operator":null,"operator:type":null,"place":null,"prominence":null,"religion":null,"seamark:light:character":null,"seamark:light:colour":null,"seamark:light:height":null,"seamark:light:period":null,"seamark:light:range":null,"seamark:light:reference":null,"seamark:name":null,"smoking":null,"source":null,"sport":null,"surface":null,"tourism":null,"type":null,"volcano:status":null,"volcano:type":null,"waterway":null,"website":null,"wikidata":null,"wikimedia_commons":null,"wikipedia":null,"@geometry":"center"},"geometry":{"type":"Point","coordinates":[105.2258856,-5.3618988]}},
{"type":"Feature","properties":{"id":"way/832878410","@id":"way/832878410","Lapangan":null,"access":null,"addr:city":null,"addr:country":null,"addr:district":null,"addr:full":null,"addr:housename":null,"addr:neighbourhood":null,"addr:postcode":null,"addr:province":null,"addr:street":null,"addr:subdistrict":null,"addr:unit":null,"alt_name":null,"area":null,"boundary":null,"building":null,"charge":null,"check_date":null,"description":null,"ele":null,"fee":null,"gns:dsg":null,"historic":null,"inscription":null,"intermittent":null,"landuse":null,"last_eruption":null,"layer":null,"leisure":"park","man_made":null,"memorial":null,"museum":null,"name":"kota karang","name:en":null,"name:es":null,"name:etymology:wikidata":null,"name:etymology:wikipedia":null,"name:id":null,"name:ms":null,"name:pt":null,"name:sk":null,"natural":null,"kabupaten":null,"note":null,"opening_hours":null,"operator":null,"operator:type":null,"place":null,"prominence":null,"religion":null,"seamark:light:character":null,"seamark:light:colour":null,"seamark:light:height":null,"seamark:light:period":null,"seamark:light:range":null,"seamark:light:reference":null,"seamark:name":null,"smoking":null,"source":null,"sport":null,"surface":null,"tourism":null,"type":null,"volcano:status":null,"volcano:type":null,"waterway":null,"website":null,"wikidata":null,"wikimedia_commons":null,"wikipedia":null,"@geometry":"center"},"geometry":{"type":"Point","coordinates":[105.2574187,-5.4538048]}},
{"type":"Feature","properties":{"id":"way/854180323","@id":"way/854180323","Lapangan":null,"access":null,"addr:city":null,"addr:country":null,"addr:district":null,"addr:full":null,"addr:housename":null,"addr:neighbourhood":null,"addr:postcode":null,"addr:province":null,"addr:street":null,"addr:subdistrict":null,"addr:unit":null,"alt_name":null,"area":null,"boundary":null,"building":null,"charge":null,"check_date":null,"description":null,"ele":null,"fee":null,"gns:dsg":null,"historic":null,"inscription":null,"intermittent":null,"landuse":null,"last_eruption":null,"layer":null,"leisure":"park","man_made":null,"memorial":null,"museum":null,"name":null,"name:en":null,"name:es":null,"name:etymology:wikidata":null,"name:etymology:wikipedia":null,"name:id":null,"name:ms":null,"name:pt":null,"name:sk":null,"natural":null,"kabupaten":null,"note":null,"opening_hours":null,"operator":null,"operator:type":null,"place":null,"prominence":null,"religion":null,"seamark:light:character":null,"seamark:light:colour":null,"seamark:light:height":null,"seamark:light:period":null,"seamark:light:range":null,"seamark:light:reference":null,"seamark:name":null,"smoking":null,"source":null,"sport":null,"surface":null,"tourism":null,"type":null,"volcano:status":null,"volcano:type":null,"waterway":null,"website":null,"wikidata":null,"wikimedia_commons":null,"wikipedia":null,"@geometry":"center"},"geometry":{"type":"Point","coordinates":[105.2533436,-5.4564989]}},
{"type":"Feature","properties":{"id":"way/896370539","@id":"way/896370539","Lapangan":null,"access":null,"addr:city":null,"addr:country":null,"addr:district":null,"addr:full":null,"addr:housename":null,"addr:neighbourhood":null,"addr:postcode":null,"addr:province":null,"addr:street":null,"addr:subdistrict":null,"addr:unit":null,"alt_name":null,"area":null,"boundary":null,"building":null,"charge":null,"check_date":null,"description":null,"ele":null,"fee":null,"gns:dsg":null,"historic":null,"inscription":null,"intermittent":null,"landuse":null,"last_eruption":null,"layer":null,"leisure":"park","man_made":null,"memorial":null,"museum":null,"name":"Taman Desa Hanura","name:en":null,"name:es":null,"name:etymology:wikidata":null,"name:etymology:wikipedia":null,"name:id":null,"name:ms":null,"name:pt":null,"name:sk":null,"natural":null,"kabupaten":null,"note":null,"opening_hours":null,"operator":null,"operator:type":null,"place":null,"prominence":null,"religion":null,"seamark:light:character":null,"seamark:light:colour":null,"seamark:light:height":null,"seamark:light:period":null,"seamark:light:range":null,"seamark:light:reference":null,"seamark:name":null,"smoking":null,"source":null,"sport":null,"surface":null,"tourism":null,"type":null,"volcano:status":null,"volcano:type":null,"waterway":null,"website":null,"wikidata":null,"wikimedia_commons":null,"wikipedia":null,"@geometry":"center"},"geometry":{"type":"Point","coordinates":[105.2368541,-5.5313772]}},
{"type":"Feature","properties":{"id":"way/963025807","@id":"way/963025807","Lapangan":null,"access":null,"addr:city":null,"addr:country":null,"addr:district":null,"addr:full":null,"addr:housename":null,"addr:neighbourhood":null,"addr:postcode":null,"addr:province":null,"addr:street":null,"addr:subdistrict":null,"addr:unit":null,"alt_name":null,"area":null,"boundary":null,"building":null,"charge":null,"check_date":null,"description":null,"ele":null,"fee":null,"gns:dsg":null,"historic":null,"inscription":null,"intermittent":null,"landuse":null,"last_eruption":null,"layer":null,"leisure":"park","man_made":null,"memorial":null,"museum":null,"name":null,"name:en":null,"name:es":null,"name:etymology:wikidata":null,"name:etymology:wikipedia":null,"name:id":null,"name:ms":null,"name:pt":null,"name:sk":null,"natural":null,"kabupaten":null,"note":null,"opening_hours":null,"operator":null,"operator:type":null,"place":null,"prominence":null,"religion":null,"seamark:light:character":null,"seamark:light:colour":null,"seamark:light:height":null,"seamark:light:period":null,"seamark:light:range":null,"seamark:light:reference":null,"seamark:name":null,"smoking":null,"source":null,"sport":null,"surface":null,"tourism":null,"type":null,"volcano:status":null,"volcano:type":null,"waterway":null,"website":null,"wikidata":null,"wikimedia_commons":null,"wikipedia":null,"@geometry":"center"},"geometry":{"type":"Point","coordinates":[105.2545566,-5.4567202]}},
{"type":"Feature","properties":{"id":"way/1063776692","@id":"way/1063776692","Lapangan":null,"access":null,"addr:city":null,"addr:country":null,"addr:district":null,"addr:full":null,"addr:housename":null,"addr:neighbourhood":null,"addr:postcode":null,"addr:province":null,"addr:street":null,"addr:subdistrict":null,"addr:unit":null,"alt_name":null,"area":null,"boundary":null,"building":null,"charge":null,"check_date":null,"description":null,"ele":null,"fee":null,"gns:dsg":null,"historic":null,"inscription":null,"intermittent":null,"landuse":null,"last_eruption":null,"layer":null,"leisure":"park","man_made":null,"memorial":null,"museum":null,"name":"Lapangan Bulutangkis","name:en":null,"name:es":null,"name:etymology:wikidata":null,"name:etymology:wikipedia":null,"name:id":null,"name:ms":null,"name:pt":null,"name:sk":null,"natural":null,"kabupaten":null,"note":null,"opening_hours":null,"operator":null,"operator:type":null,"place":null,"prominence":null,"religion":null,"seamark:light:character":null,"seamark:light:colour":null,"seamark:light:height":null,"seamark:light:period":null,"seamark:light:range":null,"seamark:light:reference":null,"seamark:name":null,"smoking":null,"source":null,"sport":null,"surface":null,"tourism":null,"type":null,"volcano:status":null,"volcano:type":null,"waterway":null,"website":null,"wikidata":null,"wikimedia_commons":null,"wikipedia":null,"@geometry":"center"},"geometry":{"type":"Point","coordinates":[105.2229812,-5.367102]}},
{"type":"Feature","properties":{"id":"node/1070161977","@id":"node/1070161977","Lapangan":null,"access":null,"addr:city":null,"addr:country":null,"addr:district":null,"addr:full":null,"addr:housename":null,"addr:neighbourhood":null,"addr:postcode":null,"addr:province":null,"addr:street":null,"addr:subdistrict":null,"addr:unit":null,"alt_name":null,"area":null,"boundary":null,"building":null,"charge":null,"check_date":null,"description":null,"ele":null,"fee":null,"gns:dsg":"MT","historic":null,"inscription":null,"intermittent":null,"landuse":null,"last_eruption":null,"layer":null,"leisure":null,"man_made":null,"memorial":null,"museum":null,"name":"Pematang Sulah","name:en":null,"name:es":null,"name:etymology:wikidata":null,"name:etymology:wikipedia":null,"name:id":null,"name:ms":null,"name:pt":null,"name:sk":null,"natural":"peak","kabupaten":null,"note":"Modify date: 1994-01-29","opening_hours":null,"operator":null,"operator:type":null,"place":null,"prominence":null,"religion":null,"seamark:light:character":null,"seamark:light:colour":null,"seamark:light:height":null,"seamark:light:period":null,"seamark:light:range":null,"seamark:light:reference":null,"seamark:name":null,"smoking":null,"source":"NGA-GNS","sport":null,"surface":null,"tourism":null,"type":null,"volcano:status":null,"volcano:type":null,"waterway":null,"website":null,"wikidata":null,"wikimedia_commons":null,"wikipedia":null,"@geometry":null},"geometry":{"type":"Point","coordinates":[104.966667,-5.566667]}},
{"type":"Feature","properties":{"id":"node/1070162313","@id":"node/1070162313","Lapangan":null,"access":null,"addr:city":null,"addr:country":null,"addr:district":null,"addr:full":null,"addr:housename":null,"addr:neighbourhood":null,"addr:postcode":null,"addr:province":null,"addr:street":null,"addr:subdistrict":null,"addr:unit":null,"alt_name":null,"area":null,"boundary":null,"building":null,"charge":null,"check_date":null,"description":null,"ele":null,"fee":null,"gns:dsg":"MT","historic":null,"inscription":null,"intermittent":null,"landuse":null,"last_eruption":null,"layer":null,"leisure":"mount","man_made":null,"memorial":null,"museum":null,"name":"Gunung Tanggang","name:en":null,"name:es":null,"name:etymology:wikidata":null,"name:etymology:wikipedia":null,"name:id":null,"name:ms":null,"name:pt":null,"name:sk":null,"natural":"peak","kabupaten":null,"note":"Modify date: 1994-01-29","opening_hours":null,"operator":null,"operator:type":null,"place":null,"prominence":null,"religion":null,"seamark:light:character":null,"seamark:light:colour":null,"seamark:light:height":null,"seamark:light:period":null,"seamark:light:range":null,"seamark:light:reference":null,"seamark:name":null,"smoking":null,"source":"NGA-GNS","sport":null,"surface":null,"tourism":null,"type":null,"volcano:status":null,"volcano:type":null,"waterway":null,"website":null,"wikidata":null,"wikimedia_commons":null,"wikipedia":null,"@geometry":null},"geometry":{"type":"Point","coordinates":[105.116667,-5.7]}},
{"type":"Feature","properties":{"id":"node/1070169897","@id":"node/1070169897","Lapangan":null,"access":null,"addr:city":null,"addr:country":null,"addr:district":null,"addr:full":null,"addr:housename":null,"addr:neighbourhood":null,"addr:postcode":null,"addr:province":null,"addr:street":null,"addr:subdistrict":null,"addr:unit":null,"alt_name":null,"area":null,"boundary":null,"building":null,"charge":null,"check_date":null,"description":null,"ele":null,"fee":null,"gns:dsg":"MT","historic":null,"inscription":null,"intermittent":null,"landuse":null,"last_eruption":null,"layer":null,"leisure":"mount","man_made":null,"memorial":null,"museum":null,"name":"Gunung Pesawaran","name:en":null,"name:es":null,"name:etymology:wikidata":null,"name:etymology:wikipedia":null,"name:id":null,"name:ms":null,"name:pt":null,"name:sk":null,"natural":"peak","kabupaten":null,"note":"Modify date: 1995-11-20","opening_hours":null,"operator":null,"operator:type":null,"place":null,"prominence":null,"religion":null,"seamark:light:character":null,"seamark:light:colour":null,"seamark:light:height":null,"seamark:light:period":null,"seamark:light:range":null,"seamark:light:reference":null,"seamark:name":null,"smoking":null,"source":"NGA-GNS","sport":null,"surface":null,"tourism":null,"type":null,"volcano:status":null,"volcano:type":null,"waterway":null,"website":null,"wikidata":"Q25017626","wikimedia_commons":null,"wikipedia":null,"@geometry":null},"geometry":{"type":"Point","coordinates":[105.083333,-5.5]}},
{"type":"Feature","properties":{"id":"node/1070177697","@id":"node/1070177697","Lapangan":null,"access":null,"addr:city":null,"addr:country":null,"addr:district":null,"addr:full":null,"addr:housename":null,"addr:neighbourhood":null,"addr:postcode":null,"addr:province":null,"addr:street":null,"addr:subdistrict":null,"addr:unit":null,"alt_name":null,"area":null,"boundary":null,"building":null,"charge":null,"check_date":null,"description":null,"ele":"1682","fee":null,"gns:dsg":"MT","historic":null,"inscription":null,"intermittent":null,"landuse":null,"last_eruption":null,"layer":null,"leisure":"mount","man_made":"survey_point","memorial":null,"museum":null,"name":"Gunung Ratai","name:en":null,"name:es":null,"name:etymology:wikidata":null,"name:etymology:wikipedia":null,"name:id":null,"name:ms":null,"name:pt":null,"name:sk":null,"natural":"volcano","kabupaten":null,"note":null,"opening_hours":null,"operator":null,"operator:type":null,"place":null,"prominence":"1265","religion":null,"seamark:light:character":null,"seamark:light:colour":null,"seamark:light:height":null,"seamark:light:period":null,"seamark:light:range":null,"seamark:light:reference":null,"seamark:name":null,"smoking":null,"source":"gunungbagging.com","sport":null,"surface":null,"tourism":null,"type":null,"volcano:status":null,"volcano:type":null,"waterway":null,"website":null,"wikidata":"Q12484818","wikimedia_commons":null,"wikipedia":null,"@geometry":null},"geometry":{"type":"Point","coordinates":[105.0951235,-5.5132924]}},
{"type":"Feature","properties":{"id":"node/1070180176","@id":"node/1070180176","Lapangan":null,"access":null,"addr:city":null,"addr:country":null,"addr:district":null,"addr:full":null,"addr:housename":null,"addr:neighbourhood":null,"addr:postcode":null,"addr:province":null,"addr:street":null,"addr:subdistrict":null,"addr:unit":null,"alt_name":null,"area":null,"boundary":null,"building":null,"charge":null,"check_date":null,"description":null,"ele":null,"fee":null,"gns:dsg":"MT","historic":null,"inscription":null,"intermittent":null,"landuse":null,"last_eruption":null,"layer":null,"leisure":"mount","man_made":null,"memorial":null,"museum":null,"name":"Gunung Betung","name:en":null,"name:es":null,"name:etymology:wikidata":null,"name:etymology:wikipedia":null,"name:id":null,"name:ms":null,"name:pt":null,"name:sk":null,"natural":"peak","kabupaten":null,"note":"Modify date: 1994-01-29","opening_hours":null,"operator":null,"operator:type":null,"place":null,"prominence":null,"religion":null,"seamark:light:character":null,"seamark:light:colour":null,"seamark:light:height":null,"seamark:light:period":null,"seamark:light:range":null,"seamark:light:reference":null,"seamark:name":null,"smoking":null,"source":"NGA-GNS","sport":null,"surface":null,"tourism":null,"type":null,"volcano:status":null,"volcano:type":null,"waterway":null,"website":null,"wikidata":null,"wikimedia_commons":null,"wikipedia":null,"@geometry":null},"geometry":{"type":"Point","coordinates":[105.166667,-5.433333]}},
{"type":"Feature","properties":{"id":"way/1105644161","@id":"way/1105644161","Lapangan":null,"access":null,"addr:city":null,"addr:country":null,"addr:district":null,"addr:full":null,"addr:housename":null,"addr:neighbourhood":null,"addr:postcode":null,"addr:province":null,"addr:street":null,"addr:subdistrict":null,"addr:unit":null,"alt_name":null,"area":null,"boundary":null,"building":null,"charge":null,"check_date":null,"description":null,"ele":null,"fee":null,"gns:dsg":null,"historic":null,"inscription":null,"intermittent":null,"landuse":null,"last_eruption":null,"layer":null,"leisure":"park","man_made":null,"memorial":null,"museum":null,"name":null,"name:en":null,"name:es":null,"name:etymology:wikidata":null,"name:etymology:wikipedia":null,"name:id":null,"name:ms":null,"name:pt":null,"name:sk":null,"natural":null,"kabupaten":null,"note":null,"opening_hours":null,"operator":null,"operator:type":null,"place":null,"prominence":null,"religion":null,"seamark:light:character":null,"seamark:light:colour":null,"seamark:light:height":null,"seamark:light:period":null,"seamark:light:range":null,"seamark:light:reference":null,"seamark:name":null,"smoking":null,"source":null,"sport":null,"surface":null,"tourism":null,"type":null,"volcano:status":null,"volcano:type":null,"waterway":null,"website":null,"wikidata":null,"wikimedia_commons":null,"wikipedia":null,"@geometry":"center"},"geometry":{"type":"Point","coordinates":[105.2492279,-5.4526667]}},
{"type":"Feature","properties":{"id":"way/1186431720","@id":"way/1186431720","Lapangan":null,"access":null,"addr:city":null,"addr:country":null,"addr:district":null,"addr:full":null,"addr:housename":null,"addr:neighbourhood":null,"addr:postcode":null,"addr:province":null,"addr:street":null,"addr:subdistrict":null,"addr:unit":null,"alt_name":null,"area":null,"boundary":null,"building":null,"charge":null,"check_date":null,"description":null,"ele":null,"fee":null,"gns:dsg":null,"historic":"monument","inscription":null,"intermittent":null,"landuse":null,"last_eruption":null,"layer":null,"leisure":null,"man_made":null,"memorial":null,"museum":null,"name":null,"name:en":null,"name:es":null,"name:etymology:wikidata":null,"name:etymology:wikipedia":null,"name:id":null,"name:ms":null,"name:pt":null,"name:sk":null,"natural":null,"kabupaten":null,"note":null,"opening_hours":null,"operator":null,"operator:type":null,"place":null,"prominence":null,"religion":null,"seamark:light:character":null,"seamark:light:colour":null,"seamark:light:height":null,"seamark:light:period":null,"seamark:light:range":null,"seamark:light:reference":null,"seamark:name":null,"smoking":null,"source":null,"sport":null,"surface":null,"tourism":null,"type":null,"volcano:status":null,"volcano:type":null,"waterway":null,"website":null,"wikidata":null,"wikimedia_commons":null,"wikipedia":null,"@geometry":"center"},"geometry":{"type":"Point","coordinates":[105.2575174,-5.4087518]}},
{"type":"Feature","properties":{"id":"way/1263349927","@id":"way/1263349927","Lapangan":null,"access":null,"addr:city":null,"addr:country":null,"addr:district":null,"addr:full":null,"addr:housename":null,"addr:neighbourhood":null,"addr:postcode":null,"addr:province":null,"addr:street":null,"addr:subdistrict":null,"addr:unit":null,"alt_name":null,"area":null,"boundary":null,"building":null,"charge":null,"check_date":null,"description":null,"ele":null,"fee":null,"gns:dsg":null,"historic":null,"inscription":null,"intermittent":null,"landuse":null,"last_eruption":null,"layer":null,"leisure":"park","man_made":null,"memorial":null,"museum":null,"name":"Taman Dwipangga","name:en":null,"name:es":null,"name:etymology:wikidata":null,"name:etymology:wikipedia":null,"name:id":null,"name:ms":null,"name:pt":null,"name:sk":null,"natural":null,"kabupaten":null,"note":null,"opening_hours":null,"operator":null,"operator:type":null,"place":null,"prominence":null,"religion":null,"seamark:light:character":null,"seamark:light:colour":null,"seamark:light:height":null,"seamark:light:period":null,"seamark:light:range":null,"seamark:light:reference":null,"seamark:name":null,"smoking":null,"source":null,"sport":null,"surface":null,"tourism":null,"type":null,"volcano:status":null,"volcano:type":null,"waterway":null,"website":null,"wikidata":null,"wikimedia_commons":null,"wikipedia":null,"@geometry":"center"},"geometry":{"type":"Point","coordinates":[105.2621767,-5.445831]}},
{"type":"Feature","properties":{"id":"way/1352935183","@id":"way/1352935183","Lapangan":null,"access":null,"addr:city":null,"addr:country":null,"addr:district":null,"addr:full":null,"addr:housename":null,"addr:neighbourhood":null,"addr:postcode":null,"addr:province":null,"addr:street":null,"addr:subdistrict":null,"addr:unit":null,"alt_name":null,"area":null,"boundary":null,"building":null,"charge":null,"check_date":null,"description":null,"ele":null,"fee":null,"gns:dsg":null,"historic":null,"inscription":null,"intermittent":null,"landuse":null,"last_eruption":null,"layer":null,"leisure":"park","man_made":null,"memorial":null,"museum":null,"name":"Lungsir (Taman Kota)","name:en":null,"name:es":null,"name:etymology:wikidata":null,"name:etymology:wikipedia":null,"name:id":null,"name:ms":null,"name:pt":null,"name:sk":null,"natural":null,"kabupaten":null,"note":null,"opening_hours":null,"operator":null,"operator:type":null,"place":null,"prominence":null,"religion":null,"seamark:light:character":null,"seamark:light:colour":null,"seamark:light:height":null,"seamark:light:period":null,"seamark:light:range":null,"seamark:light:reference":null,"seamark:name":null,"smoking":null,"source":null,"sport":null,"surface":null,"tourism":null,"type":null,"volcano:status":null,"volcano:type":null,"waterway":null,"website":null,"wikidata":null,"wikimedia_commons":null,"wikipedia":null,"@geometry":"center"},"geometry":{"type":"Point","coordinates":[105.2615707,-5.4291525]}},
{"type":"Feature","properties":{"id":"way/1511442018","@id":"way/1511442018","Lapangan":null,"access":null,"addr:city":"Pesawaran","addr:country":null,"addr:district":null,"addr:full":null,"addr:housename":null,"addr:neighbourhood":null,"addr:postcode":"35366","addr:province":"Lampung","addr:street":"Jalan Gedong Tataan - Kedondong","addr:subdistrict":null,"addr:unit":null,"alt_name":null,"area":null,"boundary":null,"building":null,"charge":null,"check_date":null,"description":null,"ele":null,"fee":null,"gns:dsg":null,"historic":null,"inscription":null,"intermittent":null,"landuse":null,"last_eruption":null,"layer":null,"leisure":"park","man_made":null,"memorial":null,"museum":null,"name":"Taman Andan Jejama","name:en":null,"name:es":null,"name:etymology:wikidata":null,"name:etymology:wikipedia":null,"name:id":null,"name:ms":null,"name:pt":null,"name:sk":null,"natural":null,"kabupaten":null,"note":null,"opening_hours":null,"operator":null,"operator:type":null,"place":null,"prominence":null,"religion":null,"seamark:light:character":null,"seamark:light:colour":null,"seamark:light:height":null,"seamark:light:period":null,"seamark:light:range":null,"seamark:light:reference":null,"seamark:name":null,"smoking":null,"source":null,"sport":null,"surface":null,"tourism":null,"type":null,"volcano:status":null,"volcano:type":null,"waterway":null,"website":null,"wikidata":null,"wikimedia_commons":null,"wikipedia":null,"@geometry":"center"},"geometry":{"type":"Point","coordinates":[105.0701112,-5.3990344]}},
{"type":"Feature","properties":{"id":"node/3201046112","@id":"node/3201046112","Lapangan":null,"access":null,"addr:city":null,"addr:country":null,"addr:district":null,"addr:full":null,"addr:housename":null,"addr:neighbourhood":null,"addr:postcode":null,"addr:province":null,"addr:street":null,"addr:subdistrict":null,"addr:unit":null,"alt_name":null,"area":null,"boundary":null,"building":null,"charge":null,"check_date":null,"description":null,"ele":null,"fee":null,"gns:dsg":null,"historic":null,"inscription":null,"intermittent":null,"landuse":null,"last_eruption":null,"layer":null,"leisure":"park","man_made":null,"memorial":null,"museum":null,"name":"Area Kebun Benih Inti BPTP","name:en":null,"name:es":null,"name:etymology:wikidata":null,"name:etymology:wikipedia":null,"name:id":null,"name:ms":null,"name:pt":null,"name:sk":null,"natural":null,"kabupaten":null,"note":null,"opening_hours":null,"operator":null,"operator:type":null,"place":null,"prominence":null,"religion":null,"seamark:light:character":null,"seamark:light:colour":null,"seamark:light:height":null,"seamark:light:period":null,"seamark:light:range":null,"seamark:light:reference":null,"seamark:name":null,"smoking":null,"source":null,"sport":null,"surface":null,"tourism":null,"type":null,"volcano:status":null,"volcano:type":null,"waterway":null,"website":null,"wikidata":null,"wikimedia_commons":null,"wikipedia":null,"@geometry":null},"geometry":{"type":"Point","coordinates":[105.1761009,-5.3146953]}},
{"type":"Feature","properties":{"id":"node/3874002169","@id":"node/3874002169","Lapangan":null,"access":null,"addr:city":null,"addr:country":null,"addr:district":null,"addr:full":null,"addr:housename":null,"addr:neighbourhood":null,"addr:postcode":null,"addr:province":null,"addr:street":null,"addr:subdistrict":null,"addr:unit":null,"alt_name":null,"area":null,"boundary":null,"building":null,"charge":null,"check_date":null,"description":null,"ele":null,"fee":null,"gns:dsg":null,"historic":"monument","inscription":null,"intermittent":null,"landuse":null,"last_eruption":null,"layer":null,"leisure":"tugu","man_made":null,"memorial":null,"museum":null,"name":"Tugu Pahlawan","name:en":null,"name:es":null,"name:etymology:wikidata":null,"name:etymology:wikipedia":null,"name:id":null,"name:ms":null,"name:pt":null,"name:sk":null,"natural":null,"kabupaten":null,"note":null,"opening_hours":null,"operator":null,"operator:type":null,"place":null,"prominence":null,"religion":null,"seamark:light:character":null,"seamark:light:colour":null,"seamark:light:height":null,"seamark:light:period":null,"seamark:light:range":null,"seamark:light:reference":null,"seamark:name":null,"smoking":null,"source":null,"sport":null,"surface":null,"tourism":null,"type":null,"volcano:status":null,"volcano:type":null,"waterway":null,"website":null,"wikidata":null,"wikimedia_commons":null,"wikipedia":null,"@geometry":null},"geometry":{"type":"Point","coordinates":[105.2575202,-5.4087421]}},
{"type":"Feature","properties":{"id":"node/3952996037","@id":"node/3952996037","Lapangan":null,"access":null,"addr:city":null,"addr:country":null,"addr:district":null,"addr:full":null,"addr:housename":null,"addr:neighbourhood":null,"addr:postcode":null,"addr:province":null,"addr:street":null,"addr:subdistrict":null,"addr:unit":null,"alt_name":null,"area":null,"boundary":null,"building":null,"charge":null,"check_date":null,"description":null,"ele":null,"fee":null,"gns:dsg":null,"historic":null,"inscription":null,"intermittent":null,"landuse":null,"last_eruption":null,"layer":null,"leisure":"park","man_made":null,"memorial":null,"museum":null,"name":"Bumi Kedaton Resort","name:en":null,"name:es":null,"name:etymology:wikidata":null,"name:etymology:wikipedia":null,"name:id":null,"name:ms":null,"name:pt":null,"name:sk":null,"natural":null,"kabupaten":null,"note":null,"opening_hours":null,"operator":null,"operator:type":null,"place":null,"prominence":null,"religion":null,"seamark:light:character":null,"seamark:light:colour":null,"seamark:light:height":null,"seamark:light:period":null,"seamark:light:range":null,"seamark:light:reference":null,"seamark:name":null,"smoking":null,"source":null,"sport":null,"surface":null,"tourism":null,"type":null,"volcano:status":null,"volcano:type":null,"waterway":null,"website":null,"wikidata":null,"wikimedia_commons":null,"wikipedia":null,"@geometry":null},"geometry":{"type":"Point","coordinates":[105.2231571,-5.4362903]}},
{"type":"Feature","properties":{"id":"node/3952996062","@id":"node/3952996062","Lapangan":null,"access":null,"addr:city":null,"addr:country":null,"addr:district":null,"addr:full":null,"addr:housename":null,"addr:neighbourhood":null,"addr:postcode":null,"addr:province":null,"addr:street":null,"addr:subdistrict":null,"addr:unit":null,"alt_name":null,"area":null,"boundary":null,"building":null,"charge":null,"check_date":null,"description":null,"ele":null,"fee":null,"gns:dsg":null,"historic":null,"inscription":null,"intermittent":null,"landuse":null,"last_eruption":null,"layer":null,"leisure":"park","man_made":null,"memorial":null,"museum":null,"name":"Satwa Wahana & Wisata Bumi Kedaton","name:en":null,"name:es":null,"name:etymology:wikidata":null,"name:etymology:wikipedia":null,"name:id":null,"name:ms":null,"name:pt":null,"name:sk":null,"natural":null,"kabupaten":null,"note":null,"opening_hours":null,"operator":null,"operator:type":null,"place":null,"prominence":null,"religion":null,"seamark:light:character":null,"seamark:light:colour":null,"seamark:light:height":null,"seamark:light:period":null,"seamark:light:range":null,"seamark:light:reference":null,"seamark:name":null,"smoking":null,"source":null,"sport":null,"surface":null,"tourism":null,"type":null,"volcano:status":null,"volcano:type":null,"waterway":null,"website":null,"wikidata":null,"wikimedia_commons":null,"wikipedia":null,"@geometry":null},"geometry":{"type":"Point","coordinates":[105.2263341,-5.4352177]}},
{"type":"Feature","properties":{"id":"node/3952996075","@id":"node/3952996075","Lapangan":null,"access":null,"addr:city":null,"addr:country":null,"addr:district":null,"addr:full":null,"addr:housename":null,"addr:neighbourhood":null,"addr:postcode":null,"addr:province":null,"addr:street":null,"addr:subdistrict":null,"addr:unit":null,"alt_name":null,"area":null,"boundary":null,"building":null,"charge":null,"check_date":null,"description":null,"ele":null,"fee":null,"gns:dsg":null,"historic":null,"inscription":null,"intermittent":null,"landuse":null,"last_eruption":null,"layer":null,"leisure":"park","man_made":null,"memorial":null,"museum":null,"name":"Batu Putu","name:en":null,"name:es":null,"name:etymology:wikidata":null,"name:etymology:wikipedia":null,"name:id":null,"name:ms":null,"name:pt":null,"name:sk":null,"natural":null,"kabupaten":null,"note":null,"opening_hours":null,"operator":null,"operator:type":null,"place":null,"prominence":null,"religion":null,"seamark:light:character":null,"seamark:light:colour":null,"seamark:light:height":null,"seamark:light:period":null,"seamark:light:range":null,"seamark:light:reference":null,"seamark:name":null,"smoking":null,"source":null,"sport":null,"surface":null,"tourism":null,"type":null,"volcano:status":null,"volcano:type":null,"waterway":null,"website":null,"wikidata":null,"wikimedia_commons":null,"wikipedia":null,"@geometry":null},"geometry":{"type":"Point","coordinates":[105.2271173,-5.4351253]}},
{"type":"Feature","properties":{"id":"node/6050519591","@id":"node/6050519591","Lapangan":null,"access":null,"addr:city":null,"addr:country":null,"addr:district":null,"addr:full":null,"addr:housename":null,"addr:neighbourhood":null,"addr:postcode":null,"addr:province":null,"addr:street":null,"addr:subdistrict":null,"addr:unit":null,"alt_name":null,"area":null,"boundary":null,"building":null,"charge":null,"check_date":null,"description":null,"ele":null,"fee":null,"gns:dsg":null,"historic":null,"inscription":null,"intermittent":null,"landuse":null,"last_eruption":null,"layer":null,"leisure":"mount","man_made":null,"memorial":null,"museum":null,"name":"Puncak Mas","name:en":null,"name:es":null,"name:etymology:wikidata":null,"name:etymology:wikipedia":null,"name:id":null,"name:ms":null,"name:pt":null,"name:sk":null,"natural":null,"kabupaten":null,"note":null,"opening_hours":null,"operator":null,"operator:type":null,"place":null,"prominence":null,"religion":null,"seamark:light:character":null,"seamark:light:colour":null,"seamark:light:height":null,"seamark:light:period":null,"seamark:light:range":null,"seamark:light:reference":null,"seamark:name":null,"smoking":null,"source":null,"sport":null,"surface":null,"tourism":"attraction","type":null,"volcano:status":null,"volcano:type":null,"waterway":null,"website":null,"wikidata":null,"wikimedia_commons":null,"wikipedia":null,"@geometry":null},"geometry":{"type":"Point","coordinates":[105.2281133,-5.4206317]}},
{"type":"Feature","properties":{"id":"node/7030446285","@id":"node/7030446285","Lapangan":null,"access":null,"addr:city":null,"addr:country":null,"addr:district":null,"addr:full":null,"addr:housename":null,"addr:neighbourhood":null,"addr:postcode":null,"addr:province":null,"addr:street":null,"addr:subdistrict":null,"addr:unit":null,"alt_name":null,"area":null,"boundary":null,"building":null,"charge":null,"check_date":null,"description":null,"ele":null,"fee":null,"gns:dsg":null,"historic":null,"inscription":null,"intermittent":null,"landuse":null,"last_eruption":null,"layer":null,"leisure":null,"man_made":null,"memorial":null,"museum":null,"name":"Tirtayasa Summit","name:en":null,"name:es":null,"name:etymology:wikidata":null,"name:etymology:wikipedia":null,"name:id":null,"name:ms":null,"name:pt":null,"name:sk":null,"natural":null,"kabupaten":null,"note":null,"opening_hours":null,"operator":null,"operator:type":null,"place":null,"prominence":null,"religion":null,"seamark:light:character":null,"seamark:light:colour":null,"seamark:light:height":null,"seamark:light:period":null,"seamark:light:range":null,"seamark:light:reference":null,"seamark:name":null,"smoking":null,"source":null,"sport":null,"surface":null,"tourism":"attraction","type":null,"volcano:status":null,"volcano:type":null,"waterway":null,"website":null,"wikidata":null,"wikimedia_commons":null,"wikipedia":null,"@geometry":null},"geometry":{"type":"Point","coordinates":[105.2439013,-5.4882611]}},
{"type":"Feature","properties":{"id":"node/8326546591","@id":"node/8326546591","Lapangan":null,"access":null,"addr:city":null,"addr:country":null,"addr:district":null,"addr:full":null,"addr:housename":null,"addr:neighbourhood":null,"addr:postcode":null,"addr:province":null,"addr:street":null,"addr:subdistrict":null,"addr:unit":null,"alt_name":null,"area":null,"boundary":null,"building":null,"charge":null,"check_date":null,"description":null,"ele":null,"fee":null,"gns:dsg":null,"historic":null,"inscription":null,"intermittent":null,"landuse":null,"last_eruption":null,"layer":null,"leisure":"mount","man_made":null,"memorial":null,"museum":null,"name":"Gunung Petar Hanura","name:en":null,"name:es":null,"name:etymology:wikidata":null,"name:etymology:wikipedia":null,"name:id":null,"name:ms":null,"name:pt":null,"name:sk":null,"natural":"peak","kabupaten":null,"note":null,"opening_hours":null,"operator":null,"operator:type":null,"place":null,"prominence":null,"religion":null,"seamark:light:character":null,"seamark:light:colour":null,"seamark:light:height":null,"seamark:light:period":null,"seamark:light:range":null,"seamark:light:reference":null,"seamark:name":null,"smoking":null,"source":null,"sport":null,"surface":null,"tourism":null,"type":null,"volcano:status":null,"volcano:type":null,"waterway":null,"website":null,"wikidata":null,"wikimedia_commons":null,"wikipedia":null,"@geometry":null},"geometry":{"type":"Point","coordinates":[105.235344,-5.5404285]}},
{"type":"Feature","properties":{"id":"node/11276938974","@id":"node/11276938974","Lapangan":null,"access":null,"addr:city":null,"addr:country":null,"addr:district":null,"addr:full":null,"addr:housename":null,"addr:neighbourhood":null,"addr:postcode":null,"addr:province":null,"addr:street":null,"addr:subdistrict":null,"addr:unit":null,"alt_name":null,"area":null,"boundary":null,"building":null,"charge":null,"check_date":null,"description":null,"ele":"343","fee":null,"gns:dsg":null,"historic":null,"inscription":null,"intermittent":null,"landuse":null,"last_eruption":null,"layer":null,"leisure":"mount","man_made":null,"memorial":null,"museum":null,"name":"Gunung Legundi","name:en":null,"name:es":null,"name:etymology:wikidata":null,"name:etymology:wikipedia":null,"name:id":null,"name:ms":null,"name:pt":null,"name:sk":null,"natural":"peak","kabupaten":null,"note":null,"opening_hours":null,"operator":null,"operator:type":null,"place":null,"prominence":null,"religion":null,"seamark:light:character":null,"seamark:light:colour":null,"seamark:light:height":null,"seamark:light:period":null,"seamark:light:range":null,"seamark:light:reference":null,"seamark:name":null,"smoking":null,"source":null,"sport":null,"surface":null,"tourism":null,"type":null,"volcano:status":null,"volcano:type":null,"waterway":null,"website":null,"wikidata":"Q26731535","wikimedia_commons":null,"wikipedia":null,"@geometry":null},"geometry":{"type":"Point","coordinates":[105.275,-5.8255]}},
{"type":"Feature","properties":{"id":"node/11555383735","@id":"node/11555383735","Lapangan":null,"access":null,"addr:city":null,"addr:country":null,"addr:district":null,"addr:full":null,"addr:housename":null,"addr:neighbourhood":null,"addr:postcode":null,"addr:province":null,"addr:street":null,"addr:subdistrict":null,"addr:unit":null,"alt_name":null,"area":null,"boundary":null,"building":null,"charge":"10000 IDR","check_date":null,"description":null,"ele":null,"fee":"yes","gns:dsg":null,"historic":null,"inscription":null,"intermittent":null,"landuse":null,"last_eruption":null,"layer":null,"leisure":"park","man_made":null,"memorial":null,"museum":null,"name":"Taman Kupu-Kupu Gita Persada","name:en":"Gita Persada Butterfly Park","name:es":null,"name:etymology:wikidata":null,"name:etymology:wikipedia":null,"name:id":null,"name:ms":null,"name:pt":null,"name:sk":null,"natural":null,"kabupaten":null,"note":null,"opening_hours":"Mo-Su 07:00-17:00","operator":null,"operator:type":null,"place":null,"prominence":null,"religion":null,"seamark:light:character":null,"seamark:light:colour":null,"seamark:light:height":null,"seamark:light:period":null,"seamark:light:range":null,"seamark:light:reference":null,"seamark:name":null,"smoking":null,"source":null,"sport":null,"surface":null,"tourism":"zoo","type":null,"volcano:status":null,"volcano:type":null,"waterway":null,"website":"http://gitapersada.weebly.com/","wikidata":null,"wikimedia_commons":null,"wikipedia":null,"@geometry":null},"geometry":{"type":"Point","coordinates":[105.1864568,-5.420489]}},
{"type":"Feature","properties":{"id":"node/11906512517","@id":"node/11906512517","Lapangan":null,"access":null,"addr:city":"Bandar Lampung","addr:country":"ID","addr:district":"Lampung Selatan","addr:full":null,"addr:housename":"Taman segitiga Polinela","addr:neighbourhood":"rajabasa raya","addr:postcode":"35143","addr:province":"lampung","addr:street":"Hajimena","addr:subdistrict":"Natar","addr:unit":"Taman segitiga Polinela","alt_name":null,"area":null,"boundary":null,"building":null,"charge":null,"check_date":null,"description":"Taman segitiga Polinela","ele":null,"fee":null,"gns:dsg":null,"historic":null,"inscription":null,"intermittent":null,"landuse":null,"last_eruption":null,"layer":null,"leisure":"park","man_made":null,"memorial":null,"museum":null,"name":"Taman segitiga Polinela","name:en":null,"name:es":null,"name:etymology:wikidata":null,"name:etymology:wikipedia":null,"name:id":null,"name:ms":null,"name:pt":null,"name:sk":null,"natural":null,"kabupaten":null,"note":"Taman segitiga Polinela","opening_hours":null,"operator":null,"operator:type":null,"place":null,"prominence":null,"religion":null,"seamark:light:character":null,"seamark:light:colour":null,"seamark:light:height":null,"seamark:light:period":null,"seamark:light:range":null,"seamark:light:reference":null,"seamark:name":null,"smoking":null,"source":"osm notes;Taman segitiga polinela;gps","sport":null,"surface":null,"tourism":null,"type":null,"volcano:status":null,"volcano:type":null,"waterway":null,"website":null,"wikidata":null,"wikimedia_commons":null,"wikipedia":null,"@geometry":null},"geometry":{"type":"Point","coordinates":[105.2323878,-5.3566041]}},
{"type":"Feature","properties":{"id":"node/12055127719","@id":"node/12055127719","Lapangan":null,"access":null,"addr:city":null,"addr:country":null,"addr:district":null,"addr:full":null,"addr:housename":null,"addr:neighbourhood":null,"addr:postcode":null,"addr:province":null,"addr:street":null,"addr:subdistrict":null,"addr:unit":null,"alt_name":null,"area":null,"boundary":null,"building":null,"charge":null,"check_date":null,"description":null,"ele":null,"fee":null,"gns:dsg":null,"historic":null,"inscription":null,"intermittent":null,"landuse":null,"last_eruption":null,"layer":null,"leisure":"resort","man_made":null,"memorial":null,"museum":null,"name":"rumah bella cantik","name:en":null,"name:es":null,"name:etymology:wikidata":null,"name:etymology:wikipedia":null,"name:id":null,"name:ms":null,"name:pt":null,"name:sk":null,"natural":null,"kabupaten":null,"note":null,"opening_hours":null,"operator":null,"operator:type":null,"place":null,"prominence":null,"religion":null,"seamark:light:character":null,"seamark:light:colour":null,"seamark:light:height":null,"seamark:light:period":null,"seamark:light:range":null,"seamark:light:reference":null,"seamark:name":null,"smoking":null,"source":null,"sport":null,"surface":null,"tourism":null,"type":null,"volcano:status":null,"volcano:type":null,"waterway":null,"website":null,"wikidata":null,"wikimedia_commons":null,"wikipedia":null,"@geometry":null},"geometry":{"type":"Point","coordinates":[105.2530779,-5.4340491]}},
{"type":"Feature","properties":{"id":"node/13594569685","@id":"node/13594569685","Lapangan":null,"access":null,"addr:city":"Lampung Selatan","addr:country":null,"addr:district":"Jati Agung","addr:full":null,"addr:housename":null,"addr:neighbourhood":null,"addr:postcode":null,"addr:province":"Lampung","addr:street":"Jalan Cendana 2","addr:subdistrict":"Fajar Baru","addr:unit":null,"alt_name":null,"area":null,"boundary":null,"building":null,"charge":null,"check_date":null,"description":null,"ele":null,"fee":null,"gns:dsg":null,"historic":null,"inscription":null,"intermittent":null,"landuse":null,"last_eruption":null,"layer":null,"leisure":"park","man_made":null,"memorial":null,"museum":null,"name":"Farm 33","name:en":null,"name:es":null,"name:etymology:wikidata":null,"name:etymology:wikipedia":null,"name:id":null,"name:ms":null,"name:pt":null,"name:sk":null,"natural":null,"kabupaten":null,"note":null,"opening_hours":"24/7","operator":null,"operator:type":null,"place":null,"prominence":null,"religion":null,"seamark:light:character":null,"seamark:light:colour":null,"seamark:light:height":null,"seamark:light:period":null,"seamark:light:range":null,"seamark:light:reference":null,"seamark:name":null,"smoking":null,"source":null,"sport":null,"surface":null,"tourism":null,"type":null,"volcano:status":null,"volcano:type":null,"waterway":null,"website":null,"wikidata":null,"wikimedia_commons":null,"wikipedia":null,"@geometry":null},"geometry":{"type":"Point","coordinates":[105.27617,-5.3390038]}},
{"type":"Feature","properties":{"id":null,"@id":null,"Lapangan":null,"access":null,"addr:city":null,"addr:country":null,"addr:district":null,"addr:full":null,"addr:housename":null,"addr:neighbourhood":null,"addr:postcode":null,"addr:province":null,"addr:street":null,"addr:subdistrict":null,"addr:unit":null,"alt_name":null,"area":null,"boundary":null,"building":null,"charge":null,"check_date":null,"description":"Spot snorkeling terbaik di Lampung dengan terumbu karang indah.","ele":null,"fee":null,"gns:dsg":null,"historic":null,"inscription":null,"intermittent":null,"landuse":null,"last_eruption":null,"layer":null,"leisure":"beach","man_made":null,"memorial":null,"museum":null,"name":"Pulau Pahawang","name:en":null,"name:es":null,"name:etymology:wikidata":null,"name:etymology:wikipedia":null,"name:id":null,"name:ms":null,"name:pt":null,"name:sk":null,"natural":"beach","kabupaten":"Pesawaran","note":null,"opening_hours":null,"operator":null,"operator:type":null,"place":null,"prominence":null,"religion":null,"seamark:light:character":null,"seamark:light:colour":null,"seamark:light:height":null,"seamark:light:period":null,"seamark:light:range":null,"seamark:light:reference":null,"seamark:name":null,"smoking":null,"source":null,"sport":null,"surface":null,"tourism":"attraction","type":null,"volcano:status":null,"volcano:type":null,"waterway":null,"website":null,"wikidata":null,"wikimedia_commons":null,"wikipedia":null,"@geometry":null},"geometry":{"type":"Point","coordinates":[105.2217,-5.6769]}},
{"type":"Feature","properties":{"id":null,"@id":null,"Lapangan":null,"access":null,"addr:city":null,"addr:country":null,"addr:district":null,"addr:full":null,"addr:housename":null,"addr:neighbourhood":null,"addr:postcode":null,"addr:province":null,"addr:street":null,"addr:subdistrict":null,"addr:unit":null,"alt_name":null,"area":null,"boundary":null,"building":null,"charge":null,"check_date":null,"description":"Singkatan dari Kelapa Rapat, pantai dangkal yang aman untuk anak-anak.","ele":null,"fee":null,"gns:dsg":null,"historic":null,"inscription":null,"intermittent":null,"landuse":null,"last_eruption":null,"layer":null,"leisure":"beach","man_made":null,"memorial":null,"museum":null,"name":"Pantai Klara","name:en":null,"name:es":null,"name:etymology:wikidata":null,"name:etymology:wikipedia":null,"name:id":null,"name:ms":null,"name:pt":null,"name:sk":null,"natural":"beach","kabupaten":"Pesawaran","note":null,"opening_hours":null,"operator":null,"operator:type":null,"place":null,"prominence":null,"religion":null,"seamark:light:character":null,"seamark:light:colour":null,"seamark:light:height":null,"seamark:light:period":null,"seamark:light:range":null,"seamark:light:reference":null,"seamark:name":null,"smoking":null,"source":null,"sport":null,"surface":null,"tourism":"attraction","type":null,"volcano:status":null,"volcano:type":null,"waterway":null,"website":null,"wikidata":null,"wikimedia_commons":null,"wikipedia":null,"@geometry":null},"geometry":{"type":"Point","coordinates":[105.2281,-5.5772]}},
{"type":"Feature","properties":{"id":"node/1070164556","@id":"node/1070164556","Lapangan":null,"access":null,"addr:city":null,"addr:country":null,"addr:district":null,"addr:full":null,"addr:housename":null,"addr:neighbourhood":null,"addr:postcode":null,"addr:province":null,"addr:street":null,"addr:subdistrict":null,"addr:unit":null,"alt_name":null,"area":null,"boundary":null,"building":null,"charge":null,"check_date":null,"description":null,"ele":null,"fee":null,"gns:dsg":"MT","historic":null,"inscription":null,"intermittent":null,"landuse":null,"last_eruption":null,"layer":null,"leisure":"bukit","man_made":null,"memorial":null,"museum":null,"name":"Bukit Pandan","name:en":null,"name:es":null,"name:etymology:wikidata":null,"name:etymology:wikipedia":null,"name:id":null,"name:ms":null,"name:pt":null,"name:sk":null,"natural":"peak","kabupaten":null,"note":"Modify date: 1994-01-29","opening_hours":null,"operator":null,"operator:type":null,"place":null,"prominence":null,"religion":null,"seamark:light:character":null,"seamark:light:colour":null,"seamark:light:height":null,"seamark:light:period":null,"seamark:light:range":null,"seamark:light:reference":null,"seamark:name":null,"smoking":null,"source":"NGA-GNS","sport":null,"surface":null,"tourism":null,"type":null,"volcano:status":null,"volcano:type":null,"waterway":null,"website":null,"wikidata":null,"wikimedia_commons":null,"wikipedia":null,"@geometry":null},"geometry":{"type":"Point","coordinates":[103.8,-4.8]}},
{"type":"Feature","properties":{"id":"node/1070189619","@id":"node/1070189619","Lapangan":null,"access":null,"addr:city":null,"addr:country":null,"addr:district":null,"addr:full":null,"addr:housename":null,"addr:neighbourhood":null,"addr:postcode":null,"addr:province":null,"addr:street":null,"addr:subdistrict":null,"addr:unit":null,"alt_name":null,"area":null,"boundary":null,"building":null,"charge":null,"check_date":null,"description":null,"ele":null,"fee":null,"gns:dsg":"MT","historic":null,"inscription":null,"intermittent":null,"landuse":null,"last_eruption":null,"layer":null,"leisure":"bukit","man_made":null,"memorial":null,"museum":null,"name":"Bukit Punggur","name:en":null,"name:es":null,"name:etymology:wikidata":null,"name:etymology:wikipedia":null,"name:id":null,"name:ms":null,"name:pt":null,"name:sk":null,"natural":"peak","kabupaten":null,"note":"Modify date: 1994-01-29","opening_hours":null,"operator":null,"operator:type":null,"place":null,"prominence":null,"religion":null,"seamark:light:character":null,"seamark:light:colour":null,"seamark:light:height":null,"seamark:light:period":null,"seamark:light:range":null,"seamark:light:reference":null,"seamark:name":null,"smoking":null,"source":"NGA-GNS","sport":null,"surface":null,"tourism":null,"type":null,"volcano:status":null,"volcano:type":null,"waterway":null,"website":null,"wikidata":null,"wikimedia_commons":null,"wikipedia":null,"@geometry":null},"geometry":{"type":"Point","coordinates":[104.383333,-4.816667]}},
{"type":"Feature","properties":{"id":"node/1070191510","@id":"node/1070191510","Lapangan":null,"access":null,"addr:city":null,"addr:country":null,"addr:district":null,"addr:full":null,"addr:housename":null,"addr:neighbourhood":null,"addr:postcode":null,"addr:province":null,"addr:street":null,"addr:subdistrict":null,"addr:unit":null,"alt_name":null,"area":null,"boundary":null,"building":null,"charge":null,"check_date":null,"description":null,"ele":null,"fee":null,"gns:dsg":"MT","historic":null,"inscription":null,"intermittent":null,"landuse":null,"last_eruption":null,"layer":null,"leisure":"bukit","man_made":null,"memorial":null,"museum":null,"name":"Bukit Gedang","name:en":null,"name:es":null,"name:etymology:wikidata":null,"name:etymology:wikipedia":null,"name:id":null,"name:ms":null,"name:pt":null,"name:sk":null,"natural":"peak","kabupaten":null,"note":"Modify date: 1994-01-29","opening_hours":null,"operator":null,"operator:type":null,"place":null,"prominence":null,"religion":null,"seamark:light:character":null,"seamark:light:colour":null,"seamark:light:height":null,"seamark:light:period":null,"seamark:light:range":null,"seamark:light:reference":null,"seamark:name":null,"smoking":null,"source":"NGA-GNS","sport":null,"surface":null,"tourism":null,"type":null,"volcano:status":null,"volcano:type":null,"waterway":null,"website":null,"wikidata":null,"wikimedia_commons":null,"wikipedia":null,"@geometry":null},"geometry":{"type":"Point","coordinates":[103.833333,-4.85]}},
{"type":"Feature","properties":{"id":"way/1443866866","@id":"way/1443866866","Lapangan":null,"access":null,"addr:city":"Tanggamus","addr:country":null,"addr:district":"Kota Agung","addr:full":null,"addr:housename":null,"addr:neighbourhood":null,"addr:postcode":"35384","addr:province":"Lampung","addr:street":"Jl. Ir. H. Juanda","addr:subdistrict":"Kuripan","addr:unit":null,"alt_name":null,"area":null,"boundary":null,"building":null,"charge":null,"check_date":null,"description":null,"ele":null,"fee":null,"gns:dsg":null,"historic":null,"inscription":null,"intermittent":null,"landuse":null,"last_eruption":null,"layer":null,"leisure":"park","man_made":null,"memorial":null,"museum":null,"name":"Taman Kota Ir. Soekarno Kota Agung","name:en":null,"name:es":null,"name:etymology:wikidata":"Q76127","name:etymology:wikipedia":"id:Sukarno","name:id":null,"name:ms":null,"name:pt":null,"name:sk":null,"natural":null,"kabupaten":null,"note":null,"opening_hours":null,"operator":null,"operator:type":null,"place":null,"prominence":null,"religion":null,"seamark:light:character":null,"seamark:light:colour":null,"seamark:light:height":null,"seamark:light:period":null,"seamark:light:range":null,"seamark:light:reference":null,"seamark:name":null,"smoking":null,"source":null,"sport":null,"surface":null,"tourism":null,"type":null,"volcano:status":null,"volcano:type":null,"waterway":null,"website":null,"wikidata":"Q133867230","wikimedia_commons":null,"wikipedia":null,"@geometry":"center"},"geometry":{"type":"Point","coordinates":[104.6230839,-5.4912379]}},
{"type":"Feature","properties":{"id":"way/1452286133","@id":"way/1452286133","Lapangan":null,"access":null,"addr:city":null,"addr:country":null,"addr:district":null,"addr:full":null,"addr:housename":null,"addr:neighbourhood":null,"addr:postcode":null,"addr:province":null,"addr:street":null,"addr:subdistrict":null,"addr:unit":null,"alt_name":null,"area":null,"boundary":null,"building":null,"charge":null,"check_date":null,"description":null,"ele":null,"fee":null,"gns:dsg":null,"historic":null,"inscription":null,"intermittent":null,"landuse":null,"last_eruption":null,"layer":null,"leisure":"park","man_made":null,"memorial":null,"museum":null,"name":null,"name:en":null,"name:es":null,"name:etymology:wikidata":null,"name:etymology:wikipedia":null,"name:id":null,"name:ms":null,"name:pt":null,"name:sk":null,"natural":null,"kabupaten":null,"note":null,"opening_hours":null,"operator":null,"operator:type":null,"place":null,"prominence":null,"religion":null,"seamark:light:character":null,"seamark:light:colour":null,"seamark:light:height":null,"seamark:light:period":null,"seamark:light:range":null,"seamark:light:reference":null,"seamark:name":null,"smoking":null,"source":null,"sport":null,"surface":null,"tourism":null,"type":null,"volcano:status":null,"volcano:type":null,"waterway":null,"website":null,"wikidata":null,"wikimedia_commons":null,"wikipedia":null,"@geometry":"center"},"geometry":{"type":"Point","coordinates":[104.4809798,-4.8002812]}},
{"type":"Feature","properties":{"id":"way/1452286134","@id":"way/1452286134","Lapangan":null,"access":null,"addr:city":null,"addr:country":null,"addr:district":null,"addr:full":null,"addr:housename":null,"addr:neighbourhood":null,"addr:postcode":null,"addr:province":null,"addr:street":null,"addr:subdistrict":null,"addr:unit":null,"alt_name":null,"area":null,"boundary":null,"building":null,"charge":null,"check_date":null,"description":null,"ele":null,"fee":null,"gns:dsg":null,"historic":null,"inscription":null,"intermittent":null,"landuse":null,"last_eruption":null,"layer":null,"leisure":"nature_reserve","man_made":null,"memorial":null,"museum":null,"name":null,"name:en":null,"name:es":null,"name:etymology:wikidata":null,"name:etymology:wikipedia":null,"name:id":null,"name:ms":null,"name:pt":null,"name:sk":null,"natural":null,"kabupaten":null,"note":null,"opening_hours":null,"operator":null,"operator:type":null,"place":null,"prominence":null,"religion":null,"seamark:light:character":null,"seamark:light:colour":null,"seamark:light:height":null,"seamark:light:period":null,"seamark:light:range":null,"seamark:light:reference":null,"seamark:name":null,"smoking":null,"source":null,"sport":null,"surface":null,"tourism":null,"type":null,"volcano:status":null,"volcano:type":null,"waterway":null,"website":null,"wikidata":null,"wikimedia_commons":null,"wikipedia":null,"@geometry":"center"},"geometry":{"type":"Point","coordinates":[104.4806771,-4.7984924]}},
{"type":"Feature","properties":{"id":"node/3891185639","@id":"node/3891185639","Lapangan":null,"access":null,"addr:city":null,"addr:country":null,"addr:district":null,"addr:full":null,"addr:housename":null,"addr:neighbourhood":null,"addr:postcode":null,"addr:province":null,"addr:street":null,"addr:subdistrict":null,"addr:unit":null,"alt_name":null,"area":null,"boundary":null,"building":null,"charge":null,"check_date":null,"description":null,"ele":null,"fee":null,"gns:dsg":null,"historic":null,"inscription":null,"intermittent":null,"landuse":null,"last_eruption":null,"layer":null,"leisure":null,"man_made":null,"memorial":null,"museum":null,"name":"Hulubelu","name:en":null,"name:es":null,"name:etymology:wikidata":null,"name:etymology:wikipedia":null,"name:id":null,"name:ms":null,"name:pt":null,"name:sk":null,"natural":"volcano","kabupaten":null,"note":null,"opening_hours":null,"operator":null,"operator:type":null,"place":null,"prominence":null,"religion":null,"seamark:light:character":null,"seamark:light:colour":null,"seamark:light:height":null,"seamark:light:period":null,"seamark:light:range":null,"seamark:light:reference":null,"seamark:name":null,"smoking":null,"source":null,"sport":null,"surface":null,"tourism":null,"type":null,"volcano:status":null,"volcano:type":null,"waterway":null,"website":null,"wikidata":"Q8523823","wikimedia_commons":null,"wikipedia":"en:Hulubelu","@geometry":null},"geometry":{"type":"Point","coordinates":[104.6,-5.35]}},
{"type":"Feature","properties":{"id":"node/549722632","@id":"node/549722632","Lapangan":null,"access":null,"addr:city":null,"addr:country":null,"addr:district":null,"addr:full":null,"addr:housename":null,"addr:neighbourhood":null,"addr:postcode":null,"addr:province":null,"addr:street":null,"addr:subdistrict":null,"addr:unit":null,"alt_name":null,"area":null,"boundary":null,"building":null,"charge":null,"check_date":null,"description":null,"ele":null,"fee":null,"gns:dsg":null,"historic":null,"inscription":null,"intermittent":null,"landuse":null,"last_eruption":null,"layer":null,"leisure":null,"man_made":null,"memorial":null,"museum":null,"name":null,"name:en":null,"name:es":null,"name:etymology:wikidata":null,"name:etymology:wikipedia":null,"name:id":null,"name:ms":null,"name:pt":null,"name:sk":null,"natural":"volcano","kabupaten":null,"note":null,"opening_hours":null,"operator":null,"operator:type":null,"place":null,"prominence":null,"religion":null,"seamark:light:character":null,"seamark:light:colour":null,"seamark:light:height":null,"seamark:light:period":null,"seamark:light:range":null,"seamark:light:reference":null,"seamark:name":null,"smoking":null,"source":null,"sport":null,"surface":null,"tourism":null,"type":null,"volcano:status":null,"volcano:type":null,"waterway":null,"website":null,"wikidata":null,"wikimedia_commons":null,"wikipedia":null,"@geometry":null},"geometry":{"type":"Point","coordinates":[104.675531,-5.4240011]}},
{"type":"Feature","properties":{"id":"node/1070181034","@id":"node/1070181034","Lapangan":null,"access":null,"addr:city":null,"addr:country":null,"addr:district":null,"addr:full":null,"addr:housename":null,"addr:neighbourhood":null,"addr:postcode":null,"addr:province":null,"addr:street":null,"addr:subdistrict":null,"addr:unit":null,"alt_name":null,"area":null,"boundary":null,"building":null,"charge":null,"check_date":null,"description":null,"ele":null,"fee":null,"gns:dsg":"MT","historic":null,"inscription":null,"intermittent":null,"landuse":null,"last_eruption":null,"layer":null,"leisure":"mount","man_made":null,"memorial":null,"museum":null,"name":"Gunung Tanggamus","name:en":null,"name:es":null,"name:etymology:wikidata":null,"name:etymology:wikipedia":null,"name:id":null,"name:ms":null,"name:pt":null,"name:sk":null,"natural":"peak","kabupaten":null,"note":"Modify date: 1994-01-29","opening_hours":null,"operator":null,"operator:type":null,"place":null,"prominence":null,"religion":null,"seamark:light:character":null,"seamark:light:colour":null,"seamark:light:height":null,"seamark:light:period":null,"seamark:light:range":null,"seamark:light:reference":null,"seamark:name":null,"smoking":null,"source":"NGA-GNS","sport":null,"surface":null,"tourism":null,"type":null,"volcano:status":null,"volcano:type":null,"waterway":null,"website":null,"wikidata":null,"wikimedia_commons":null,"wikipedia":null,"@geometry":null},"geometry":{"type":"Point","coordinates":[104.7,-5.416667]}},
{"type":"Feature","properties":{"id":"way/626232072","@id":"way/626232072","Lapangan":null,"access":null,"addr:city":null,"addr:country":null,"addr:district":null,"addr:full":null,"addr:housename":null,"addr:neighbourhood":null,"addr:postcode":null,"addr:province":null,"addr:street":null,"addr:subdistrict":null,"addr:unit":null,"alt_name":null,"area":null,"boundary":null,"building":null,"charge":null,"check_date":null,"description":null,"ele":null,"fee":null,"gns:dsg":null,"historic":null,"inscription":null,"intermittent":null,"landuse":null,"last_eruption":null,"layer":null,"leisure":"park","man_made":null,"memorial":null,"museum":null,"name":null,"name:en":null,"name:es":null,"name:etymology:wikidata":null,"name:etymology:wikipedia":null,"name:id":null,"name:ms":null,"name:pt":null,"name:sk":null,"natural":null,"kabupaten":null,"note":null,"opening_hours":null,"operator":null,"operator:type":null,"place":null,"prominence":null,"religion":null,"seamark:light:character":null,"seamark:light:colour":null,"seamark:light:height":null,"seamark:light:period":null,"seamark:light:range":null,"seamark:light:reference":null,"seamark:name":null,"smoking":null,"source":null,"sport":null,"surface":null,"tourism":null,"type":null,"volcano:status":null,"volcano:type":null,"waterway":null,"website":null,"wikidata":null,"wikimedia_commons":null,"wikipedia":null,"@geometry":"center"},"geometry":{"type":"Point","coordinates":[105.2579169,-4.461835]}},
{"type":"Feature","properties":{"id":"way/817293250","@id":"way/817293250","Lapangan":null,"access":null,"addr:city":null,"addr:country":null,"addr:district":null,"addr:full":null,"addr:housename":null,"addr:neighbourhood":null,"addr:postcode":null,"addr:province":null,"addr:street":null,"addr:subdistrict":null,"addr:unit":null,"alt_name":null,"area":null,"boundary":null,"building":null,"charge":null,"check_date":null,"description":null,"ele":null,"fee":null,"gns:dsg":null,"historic":null,"inscription":null,"intermittent":null,"landuse":null,"last_eruption":null,"layer":null,"leisure":"park","man_made":null,"memorial":null,"museum":null,"name":null,"name:en":null,"name:es":null,"name:etymology:wikidata":null,"name:etymology:wikipedia":null,"name:id":null,"name:ms":null,"name:pt":null,"name:sk":null,"natural":null,"kabupaten":null,"note":null,"opening_hours":null,"operator":null,"operator:type":null,"place":null,"prominence":null,"religion":null,"seamark:light:character":null,"seamark:light:colour":null,"seamark:light:height":null,"seamark:light:period":null,"seamark:light:range":null,"seamark:light:reference":null,"seamark:name":null,"smoking":null,"source":null,"sport":null,"surface":null,"tourism":null,"type":null,"volcano:status":null,"volcano:type":null,"waterway":null,"website":null,"wikidata":null,"wikimedia_commons":null,"wikipedia":null,"@geometry":"center"},"geometry":{"type":"Point","coordinates":[105.2238254,-4.2831798]}},
{"type":"Feature","properties":{"id":"way/818058995","@id":"way/818058995","Lapangan":null,"access":null,"addr:city":null,"addr:country":null,"addr:district":null,"addr:full":null,"addr:housename":null,"addr:neighbourhood":null,"addr:postcode":null,"addr:province":null,"addr:street":null,"addr:subdistrict":null,"addr:unit":null,"alt_name":null,"area":null,"boundary":null,"building":null,"charge":null,"check_date":null,"description":null,"ele":null,"fee":null,"gns:dsg":null,"historic":null,"inscription":null,"intermittent":null,"landuse":null,"last_eruption":null,"layer":null,"leisure":"park","man_made":null,"memorial":null,"museum":null,"name":null,"name:en":null,"name:es":null,"name:etymology:wikidata":null,"name:etymology:wikipedia":null,"name:id":null,"name:ms":null,"name:pt":null,"name:sk":null,"natural":null,"kabupaten":null,"note":null,"opening_hours":null,"operator":null,"operator:type":null,"place":null,"prominence":null,"religion":null,"seamark:light:character":null,"seamark:light:colour":null,"seamark:light:height":null,"seamark:light:period":null,"seamark:light:range":null,"seamark:light:reference":null,"seamark:name":null,"smoking":null,"source":null,"sport":null,"surface":null,"tourism":null,"type":null,"volcano:status":null,"volcano:type":null,"waterway":null,"website":null,"wikidata":null,"wikimedia_commons":null,"wikipedia":null,"@geometry":"center"},"geometry":{"type":"Point","coordinates":[105.2102227,-4.2835824]}},
{"type":"Feature","properties":{"id":"way/1160384240","@id":"way/1160384240","Lapangan":null,"access":null,"addr:city":null,"addr:country":null,"addr:district":null,"addr:full":null,"addr:housename":null,"addr:neighbourhood":null,"addr:postcode":null,"addr:province":null,"addr:street":null,"addr:subdistrict":null,"addr:unit":null,"alt_name":null,"area":null,"boundary":null,"building":null,"charge":null,"check_date":null,"description":null,"ele":null,"fee":null,"gns:dsg":null,"historic":null,"inscription":null,"intermittent":null,"landuse":null,"last_eruption":null,"layer":null,"leisure":"park","man_made":null,"memorial":null,"museum":null,"name":null,"name:en":null,"name:es":null,"name:etymology:wikidata":null,"name:etymology:wikipedia":null,"name:id":null,"name:ms":null,"name:pt":null,"name:sk":null,"natural":null,"kabupaten":null,"note":null,"opening_hours":null,"operator":null,"operator:type":null,"place":null,"prominence":null,"religion":null,"seamark:light:character":null,"seamark:light:colour":null,"seamark:light:height":null,"seamark:light:period":null,"seamark:light:range":null,"seamark:light:reference":null,"seamark:name":null,"smoking":null,"source":null,"sport":null,"surface":null,"tourism":null,"type":null,"volcano:status":null,"volcano:type":null,"waterway":null,"website":null,"wikidata":null,"wikimedia_commons":null,"wikipedia":null,"@geometry":"center"},"geometry":{"type":"Point","coordinates":[105.2720968,-4.2852535]}},
{"type":"Feature","properties":{"id":"way/1185424594","@id":"way/1185424594","Lapangan":null,"access":null,"addr:city":null,"addr:country":null,"addr:district":null,"addr:full":null,"addr:housename":null,"addr:neighbourhood":null,"addr:postcode":null,"addr:province":null,"addr:street":null,"addr:subdistrict":null,"addr:unit":null,"alt_name":null,"area":null,"boundary":null,"building":null,"charge":null,"check_date":null,"description":null,"ele":null,"fee":null,"gns:dsg":null,"historic":null,"inscription":null,"intermittent":null,"landuse":null,"last_eruption":null,"layer":null,"leisure":"park","man_made":null,"memorial":null,"museum":null,"name":null,"name:en":null,"name:es":null,"name:etymology:wikidata":null,"name:etymology:wikipedia":null,"name:id":null,"name:ms":null,"name:pt":null,"name:sk":null,"natural":null,"kabupaten":null,"note":null,"opening_hours":null,"operator":null,"operator:type":null,"place":null,"prominence":null,"religion":null,"seamark:light:character":null,"seamark:light:colour":null,"seamark:light:height":null,"seamark:light:period":null,"seamark:light:range":null,"seamark:light:reference":null,"seamark:name":null,"smoking":null,"source":null,"sport":null,"surface":null,"tourism":null,"type":null,"volcano:status":null,"volcano:type":null,"waterway":null,"website":null,"wikidata":null,"wikimedia_commons":null,"wikipedia":null,"@geometry":"center"},"geometry":{"type":"Point","coordinates":[105.3604522,-4.3172893]}},
{"type":"Feature","properties":{"id":"way/1186182179","@id":"way/1186182179","Lapangan":null,"access":null,"addr:city":null,"addr:country":null,"addr:district":null,"addr:full":null,"addr:housename":null,"addr:neighbourhood":null,"addr:postcode":null,"addr:province":null,"addr:street":null,"addr:subdistrict":null,"addr:unit":null,"alt_name":null,"area":null,"boundary":null,"building":null,"charge":null,"check_date":null,"description":null,"ele":null,"fee":null,"gns:dsg":null,"historic":null,"inscription":null,"intermittent":null,"landuse":null,"last_eruption":null,"layer":null,"leisure":"park","man_made":null,"memorial":null,"museum":null,"name":"Taman Merah Putih","name:en":null,"name:es":null,"name:etymology:wikidata":null,"name:etymology:wikipedia":null,"name:id":null,"name:ms":null,"name:pt":null,"name:sk":null,"natural":null,"kabupaten":null,"note":null,"opening_hours":null,"operator":null,"operator:type":null,"place":null,"prominence":null,"religion":null,"seamark:light:character":null,"seamark:light:colour":null,"seamark:light:height":null,"seamark:light:period":null,"seamark:light:range":null,"seamark:light:reference":null,"seamark:name":null,"smoking":null,"source":null,"sport":null,"surface":null,"tourism":null,"type":null,"volcano:status":null,"volcano:type":null,"waterway":null,"website":null,"wikidata":null,"wikimedia_commons":null,"wikipedia":null,"@geometry":"center"},"geometry":{"type":"Point","coordinates":[105.2418459,-4.3013434]}},
{"type":"Feature","properties":{"id":"way/1281770008","@id":"way/1281770008","Lapangan":null,"access":null,"addr:city":null,"addr:country":null,"addr:district":null,"addr:full":null,"addr:housename":null,"addr:neighbourhood":null,"addr:postcode":null,"addr:province":null,"addr:street":null,"addr:subdistrict":null,"addr:unit":null,"alt_name":null,"area":null,"boundary":null,"building":null,"charge":null,"check_date":null,"description":null,"ele":null,"fee":null,"gns:dsg":null,"historic":null,"inscription":null,"intermittent":null,"landuse":null,"last_eruption":null,"layer":null,"leisure":"water_park","man_made":null,"memorial":null,"museum":null,"name":"Kolam Renang Tirta Garden","name:en":null,"name:es":null,"name:etymology:wikidata":null,"name:etymology:wikipedia":null,"name:id":null,"name:ms":null,"name:pt":null,"name:sk":null,"natural":null,"kabupaten":null,"note":null,"opening_hours":null,"operator":null,"operator:type":null,"place":null,"prominence":null,"religion":null,"seamark:light:character":null,"seamark:light:colour":null,"seamark:light:height":null,"seamark:light:period":null,"seamark:light:range":null,"seamark:light:reference":null,"seamark:name":null,"smoking":null,"source":null,"sport":null,"surface":null,"tourism":null,"type":null,"volcano:status":null,"volcano:type":null,"waterway":null,"website":null,"wikidata":null,"wikimedia_commons":null,"wikipedia":null,"@geometry":"center"},"geometry":{"type":"Point","coordinates":[105.2454958,-4.264279]}},
{"type":"Feature","properties":{"id":"way/1387663989","@id":"way/1387663989","Lapangan":null,"access":null,"addr:city":null,"addr:country":null,"addr:district":null,"addr:full":null,"addr:housename":null,"addr:neighbourhood":null,"addr:postcode":null,"addr:province":null,"addr:street":null,"addr:subdistrict":null,"addr:unit":null,"alt_name":null,"area":null,"boundary":null,"building":null,"charge":null,"check_date":null,"description":null,"ele":null,"fee":null,"gns:dsg":null,"historic":null,"inscription":null,"intermittent":null,"landuse":null,"last_eruption":null,"layer":null,"leisure":"park","man_made":null,"memorial":null,"museum":null,"name":null,"name:en":null,"name:es":null,"name:etymology:wikidata":null,"name:etymology:wikipedia":null,"name:id":null,"name:ms":null,"name:pt":null,"name:sk":null,"natural":null,"kabupaten":null,"note":null,"opening_hours":null,"operator":null,"operator:type":null,"place":null,"prominence":null,"religion":null,"seamark:light:character":null,"seamark:light:colour":null,"seamark:light:height":null,"seamark:light:period":null,"seamark:light:range":null,"seamark:light:reference":null,"seamark:name":null,"smoking":null,"source":null,"sport":null,"surface":null,"tourism":null,"type":null,"volcano:status":null,"volcano:type":null,"waterway":null,"website":null,"wikidata":null,"wikimedia_commons":null,"wikipedia":null,"@geometry":"center"},"geometry":{"type":"Point","coordinates":[105.8175103,-4.2680993]}},
{"type":"Feature","properties":{"id":"node/10137454044","@id":"node/10137454044","Lapangan":null,"access":null,"addr:city":null,"addr:country":null,"addr:district":null,"addr:full":null,"addr:housename":null,"addr:neighbourhood":null,"addr:postcode":null,"addr:province":null,"addr:street":null,"addr:subdistrict":null,"addr:unit":null,"alt_name":null,"area":null,"boundary":null,"building":null,"charge":null,"check_date":null,"description":null,"ele":null,"fee":null,"gns:dsg":null,"historic":null,"inscription":null,"intermittent":null,"landuse":null,"last_eruption":null,"layer":null,"leisure":"park","man_made":null,"memorial":null,"museum":null,"name":"TAMAN KOTA Unit II Banjar Agung","name:en":null,"name:es":null,"name:etymology:wikidata":null,"name:etymology:wikipedia":null,"name:id":null,"name:ms":null,"name:pt":null,"name:sk":null,"natural":null,"kabupaten":null,"note":null,"opening_hours":"24/7","operator":null,"operator:type":null,"place":null,"prominence":null,"religion":null,"seamark:light:character":null,"seamark:light:colour":null,"seamark:light:height":null,"seamark:light:period":null,"seamark:light:range":null,"seamark:light:reference":null,"seamark:name":null,"smoking":null,"source":null,"sport":null,"surface":null,"tourism":null,"type":null,"volcano:status":null,"volcano:type":null,"waterway":null,"website":null,"wikidata":null,"wikimedia_commons":null,"wikipedia":null,"@geometry":null},"geometry":{"type":"Point","coordinates":[105.2238254,-4.2831797]}},
{"type":"Feature","properties":{"id":"way/624778390","@id":"way/624778390","Lapangan":null,"access":null,"addr:city":null,"addr:country":null,"addr:district":null,"addr:full":null,"addr:housename":null,"addr:neighbourhood":null,"addr:postcode":null,"addr:province":null,"addr:street":null,"addr:subdistrict":null,"addr:unit":null,"alt_name":null,"area":null,"boundary":null,"building":null,"charge":null,"check_date":null,"description":null,"ele":null,"fee":null,"gns:dsg":null,"historic":null,"inscription":null,"intermittent":null,"landuse":null,"last_eruption":null,"layer":null,"leisure":"beach","man_made":null,"memorial":null,"museum":null,"name":"PANTAI MATAHARI","name:en":null,"name:es":null,"name:etymology:wikidata":null,"name:etymology:wikipedia":null,"name:id":null,"name:ms":null,"name:pt":null,"name:sk":null,"natural":"beach","kabupaten":null,"note":null,"opening_hours":null,"operator":null,"operator:type":null,"place":null,"prominence":null,"religion":null,"seamark:light:character":null,"seamark:light:colour":null,"seamark:light:height":null,"seamark:light:period":null,"seamark:light:range":null,"seamark:light:reference":null,"seamark:name":null,"smoking":null,"source":null,"sport":null,"surface":"1","tourism":null,"type":null,"volcano:status":null,"volcano:type":null,"waterway":null,"website":null,"wikidata":null,"wikimedia_commons":null,"wikipedia":null,"@geometry":"center"},"geometry":{"type":"Point","coordinates":[104.9479032,-4.4173167]}},
{"type":"Feature","properties":{"id":"way/880544371","@id":"way/880544371","Lapangan":null,"access":null,"addr:city":null,"addr:country":null,"addr:district":null,"addr:full":null,"addr:housename":null,"addr:neighbourhood":null,"addr:postcode":null,"addr:province":null,"addr:street":null,"addr:subdistrict":null,"addr:unit":null,"alt_name":null,"area":null,"boundary":null,"building":null,"charge":null,"check_date":null,"description":null,"ele":null,"fee":null,"gns:dsg":null,"historic":null,"inscription":null,"intermittent":null,"landuse":null,"last_eruption":null,"layer":null,"leisure":"park","man_made":null,"memorial":null,"museum":null,"name":null,"name:en":null,"name:es":null,"name:etymology:wikidata":null,"name:etymology:wikipedia":null,"name:id":null,"name:ms":null,"name:pt":null,"name:sk":null,"natural":null,"kabupaten":null,"note":null,"opening_hours":null,"operator":null,"operator:type":null,"place":null,"prominence":null,"religion":null,"seamark:light:character":null,"seamark:light:colour":null,"seamark:light:height":null,"seamark:light:period":null,"seamark:light:range":null,"seamark:light:reference":null,"seamark:name":null,"smoking":null,"source":null,"sport":null,"surface":null,"tourism":null,"type":null,"volcano:status":null,"volcano:type":null,"waterway":null,"website":null,"wikidata":null,"wikimedia_commons":null,"wikipedia":null,"@geometry":"center"},"geometry":{"type":"Point","coordinates":[105.128648,-4.3253836]}},
{"type":"Feature","properties":{"id":"way/995762849","@id":"way/995762849","Lapangan":null,"access":null,"addr:city":null,"addr:country":null,"addr:district":null,"addr:full":null,"addr:housename":null,"addr:neighbourhood":null,"addr:postcode":null,"addr:province":null,"addr:street":"Jalan Poros Tiyuh Bangun Jaya","addr:subdistrict":null,"addr:unit":null,"alt_name":null,"area":null,"boundary":null,"building":null,"charge":null,"check_date":null,"description":null,"ele":null,"fee":null,"gns:dsg":null,"historic":null,"inscription":null,"intermittent":null,"landuse":null,"last_eruption":null,"layer":null,"leisure":"park","man_made":null,"memorial":null,"museum":null,"name":"Taman Tiyuh Bangun Jaya","name:en":null,"name:es":null,"name:etymology:wikidata":null,"name:etymology:wikipedia":null,"name:id":null,"name:ms":null,"name:pt":null,"name:sk":null,"natural":null,"kabupaten":null,"note":null,"opening_hours":null,"operator":null,"operator:type":null,"place":null,"prominence":null,"religion":null,"seamark:light:character":null,"seamark:light:colour":null,"seamark:light:height":null,"seamark:light:period":null,"seamark:light:range":null,"seamark:light:reference":null,"seamark:name":null,"smoking":null,"source":null,"sport":null,"surface":null,"tourism":null,"type":null,"volcano:status":null,"volcano:type":null,"waterway":null,"website":null,"wikidata":null,"wikimedia_commons":null,"wikipedia":null,"@geometry":"center"},"geometry":{"type":"Point","coordinates":[105.0908941,-4.2426953]}},
{"type":"Feature","properties":{"id":"way/1216372998","@id":"way/1216372998","Lapangan":null,"access":null,"addr:city":null,"addr:country":null,"addr:district":null,"addr:full":null,"addr:housename":null,"addr:neighbourhood":null,"addr:postcode":null,"addr:province":null,"addr:street":null,"addr:subdistrict":null,"addr:unit":null,"alt_name":null,"area":null,"boundary":null,"building":null,"charge":null,"check_date":null,"description":null,"ele":null,"fee":null,"gns:dsg":null,"historic":null,"inscription":null,"intermittent":null,"landuse":null,"last_eruption":null,"layer":null,"leisure":"park","man_made":null,"memorial":null,"museum":null,"name":"Taman Pengabdian","name:en":null,"name:es":null,"name:etymology:wikidata":null,"name:etymology:wikipedia":null,"name:id":null,"name:ms":null,"name:pt":null,"name:sk":null,"natural":null,"kabupaten":null,"note":null,"opening_hours":null,"operator":null,"operator:type":null,"place":null,"prominence":null,"religion":null,"seamark:light:character":null,"seamark:light:colour":null,"seamark:light:height":null,"seamark:light:period":null,"seamark:light:range":null,"seamark:light:reference":null,"seamark:name":null,"smoking":null,"source":null,"sport":null,"surface":null,"tourism":null,"type":null,"volcano:status":null,"volcano:type":null,"waterway":null,"website":null,"wikidata":null,"wikimedia_commons":null,"wikipedia":null,"@geometry":"center"},"geometry":{"type":"Point","coordinates":[105.104355,-4.259935]}},
{"type":"Feature","properties":{"id":"node/8190145904","@id":"node/8190145904","Lapangan":null,"access":null,"addr:city":null,"addr:country":null,"addr:district":null,"addr:full":null,"addr:housename":null,"addr:neighbourhood":null,"addr:postcode":null,"addr:province":null,"addr:street":null,"addr:subdistrict":null,"addr:unit":null,"alt_name":null,"area":null,"boundary":null,"building":null,"charge":null,"check_date":null,"description":null,"ele":null,"fee":null,"gns:dsg":null,"historic":null,"inscription":null,"intermittent":null,"landuse":null,"last_eruption":null,"layer":null,"leisure":"park","man_made":null,"memorial":null,"museum":null,"name":"Taman Tiyuh Kibang Mulya Jaya","name:en":null,"name:es":null,"name:etymology:wikidata":null,"name:etymology:wikipedia":null,"name:id":null,"name:ms":null,"name:pt":null,"name:sk":null,"natural":null,"kabupaten":null,"note":null,"opening_hours":null,"operator":"Kusnandar's","operator:type":null,"place":null,"prominence":null,"religion":null,"seamark:light:character":null,"seamark:light:colour":null,"seamark:light:height":null,"seamark:light:period":null,"seamark:light:range":null,"seamark:light:reference":null,"seamark:name":null,"smoking":null,"source":null,"sport":null,"surface":null,"tourism":null,"type":null,"volcano:status":null,"volcano:type":null,"waterway":null,"website":null,"wikidata":null,"wikimedia_commons":null,"wikipedia":null,"@geometry":null},"geometry":{"type":"Point","coordinates":[105.128699,-4.3254365]}},
{"type":"Feature","properties":{"id":"way/381413132","@id":"way/381413132","Lapangan":null,"access":null,"addr:city":null,"addr:country":null,"addr:district":null,"addr:full":null,"addr:housename":null,"addr:neighbourhood":null,"addr:postcode":null,"addr:province":null,"addr:street":null,"addr:subdistrict":null,"addr:unit":null,"alt_name":null,"area":"yes","boundary":null,"building":null,"charge":null,"check_date":null,"description":null,"ele":null,"fee":null,"gns:dsg":null,"historic":null,"inscription":null,"intermittent":null,"landuse":null,"last_eruption":null,"layer":null,"leisure":null,"man_made":null,"memorial":null,"museum":null,"name":null,"name:en":null,"name:es":null,"name:etymology:wikidata":null,"name:etymology:wikipedia":null,"name:id":null,"name:ms":null,"name:pt":null,"name:sk":null,"natural":null,"kabupaten":null,"note":null,"opening_hours":null,"operator":null,"operator:type":null,"place":null,"prominence":null,"religion":null,"seamark:light:character":null,"seamark:light:colour":null,"seamark:light:height":null,"seamark:light:period":null,"seamark:light:range":null,"seamark:light:reference":null,"seamark:name":null,"smoking":null,"source":null,"sport":null,"surface":null,"tourism":"attraction","type":null,"volcano:status":null,"volcano:type":null,"waterway":null,"website":null,"wikidata":null,"wikimedia_commons":null,"wikipedia":null,"@geometry":"center"},"geometry":{"type":"Point","coordinates":[105.7498009,-5.8653314]}},
{"type":"Feature","properties":{"id":"node/448446512","@id":"node/448446512","Lapangan":null,"access":null,"addr:city":null,"addr:country":null,"addr:district":null,"addr:full":null,"addr:housename":null,"addr:neighbourhood":null,"addr:postcode":null,"addr:province":null,"addr:street":null,"addr:subdistrict":null,"addr:unit":null,"alt_name":"Krakatau;Anak Krakatau;Anak Krakatoa;Son of Krakatau","area":null,"boundary":null,"building":null,"charge":null,"check_date":"2025-04-24","description":null,"ele":"110","fee":null,"gns:dsg":null,"historic":null,"inscription":null,"intermittent":null,"landuse":null,"last_eruption":null,"layer":null,"leisure":"mount","man_made":null,"memorial":null,"museum":null,"name":"Anak Krakatau","name:en":"Krakatoa","name:es":"Krakatoa","name:etymology:wikidata":null,"name:etymology:wikipedia":null,"name:id":"Krakatau","name:ms":null,"name:pt":"Krakatoa","name:sk":"Krakatoa","natural":"volcano","kabupaten":null,"note":null,"opening_hours":null,"operator":null,"operator:type":null,"place":null,"prominence":null,"religion":null,"seamark:light:character":null,"seamark:light:colour":null,"seamark:light:height":null,"seamark:light:period":null,"seamark:light:range":null,"seamark:light:reference":null,"seamark:name":null,"smoking":null,"source":"ESDM","sport":null,"surface":null,"tourism":null,"type":null,"volcano:status":"active","volcano:type":"stratovolcano","waterway":null,"website":"https://magma.vsi.esdm.go.id","wikidata":"Q82613","wikimedia_commons":null,"wikipedia":"en:Krakatoa","@geometry":null},"geometry":{"type":"Point","coordinates":[105.4221761,-6.1029497]}},
{"type":"Feature","properties":{"id":"way/741209853","@id":"way/741209853","Lapangan":null,"access":null,"addr:city":null,"addr:country":null,"addr:district":null,"addr:full":null,"addr:housename":null,"addr:neighbourhood":null,"addr:postcode":null,"addr:province":null,"addr:street":null,"addr:subdistrict":null,"addr:unit":null,"alt_name":null,"area":null,"boundary":null,"building":null,"charge":null,"check_date":null,"description":null,"ele":null,"fee":null,"gns:dsg":null,"historic":"monument","inscription":null,"intermittent":null,"landuse":null,"last_eruption":null,"layer":null,"leisure":"tugu","man_made":null,"memorial":null,"museum":null,"name":"Benteng Pertahanan Raden Inten II","name:en":null,"name:es":null,"name:etymology:wikidata":null,"name:etymology:wikipedia":null,"name:id":null,"name:ms":null,"name:pt":null,"name:sk":null,"natural":null,"kabupaten":null,"note":null,"opening_hours":null,"operator":null,"operator:type":null,"place":null,"prominence":null,"religion":null,"seamark:light:character":null,"seamark:light:colour":null,"seamark:light:height":null,"seamark:light:period":null,"seamark:light:range":null,"seamark:light:reference":null,"seamark:name":null,"smoking":null,"source":null,"sport":null,"surface":null,"tourism":null,"type":null,"volcano:status":null,"volcano:type":null,"waterway":null,"website":null,"wikidata":null,"wikimedia_commons":null,"wikipedia":null,"@geometry":"center"},"geometry":{"type":"Point","coordinates":[105.6916045,-5.7676321]}},
{"type":"Feature","properties":{"id":"node/1070164666","@id":"node/1070164666","Lapangan":null,"access":null,"addr:city":null,"addr:country":null,"addr:district":null,"addr:full":null,"addr:housename":null,"addr:neighbourhood":null,"addr:postcode":null,"addr:province":null,"addr:street":null,"addr:subdistrict":null,"addr:unit":null,"alt_name":null,"area":null,"boundary":null,"building":null,"charge":null,"check_date":null,"description":null,"ele":"844","fee":null,"gns:dsg":"MT","historic":null,"inscription":null,"intermittent":null,"landuse":null,"last_eruption":null,"layer":null,"leisure":"mount","man_made":null,"memorial":null,"museum":null,"name":"Gunung Sebesi","name:en":"Mount Sebesi","name:es":null,"name:etymology:wikidata":null,"name:etymology:wikipedia":null,"name:id":"Gunung Sebesi","name:ms":"Gunung Sebesi","name:pt":null,"name:sk":null,"natural":"volcano","kabupaten":null,"note":null,"opening_hours":null,"operator":null,"operator:type":null,"place":null,"prominence":"844","religion":null,"seamark:light:character":null,"seamark:light:colour":null,"seamark:light:height":null,"seamark:light:period":null,"seamark:light:range":null,"seamark:light:reference":null,"seamark:name":null,"smoking":null,"source":null,"sport":null,"surface":null,"tourism":null,"type":null,"volcano:status":null,"volcano:type":null,"waterway":null,"website":null,"wikidata":"Q24842119","wikimedia_commons":null,"wikipedia":null,"@geometry":null},"geometry":{"type":"Point","coordinates":[105.4827817,-5.9543025]}},
{"type":"Feature","properties":{"id":"node/1070178347","@id":"node/1070178347","Lapangan":null,"access":null,"addr:city":null,"addr:country":null,"addr:district":null,"addr:full":null,"addr:housename":null,"addr:neighbourhood":null,"addr:postcode":null,"addr:province":null,"addr:street":null,"addr:subdistrict":null,"addr:unit":null,"alt_name":null,"area":null,"boundary":null,"building":null,"charge":null,"check_date":null,"description":null,"ele":null,"fee":null,"gns:dsg":"MT","historic":null,"inscription":null,"intermittent":null,"landuse":null,"last_eruption":null,"layer":null,"leisure":"mount","man_made":null,"memorial":null,"museum":null,"name":"Gunung Sebuku","name:en":null,"name:es":null,"name:etymology:wikidata":null,"name:etymology:wikipedia":null,"name:id":null,"name:ms":null,"name:pt":null,"name:sk":null,"natural":"peak","kabupaten":null,"note":"Modify date: 1994-01-29","opening_hours":null,"operator":null,"operator:type":null,"place":null,"prominence":null,"religion":null,"seamark:light:character":null,"seamark:light:colour":null,"seamark:light:height":null,"seamark:light:period":null,"seamark:light:range":null,"seamark:light:reference":null,"seamark:name":null,"smoking":null,"source":"NGA-GNS","sport":null,"surface":null,"tourism":null,"type":null,"volcano:status":null,"volcano:type":null,"waterway":null,"website":null,"wikidata":null,"wikimedia_commons":null,"wikipedia":null,"@geometry":null},"geometry":{"type":"Point","coordinates":[105.5160223,-5.8792604]}},
{"type":"Feature","properties":{"id":"node/2890155051","@id":"node/2890155051","Lapangan":null,"access":null,"addr:city":null,"addr:country":null,"addr:district":null,"addr:full":null,"addr:housename":null,"addr:neighbourhood":null,"addr:postcode":null,"addr:province":null,"addr:street":null,"addr:subdistrict":null,"addr:unit":null,"alt_name":null,"area":null,"boundary":null,"building":null,"charge":null,"check_date":null,"description":null,"ele":null,"fee":null,"gns:dsg":null,"historic":null,"inscription":null,"intermittent":null,"landuse":null,"last_eruption":null,"layer":null,"leisure":null,"man_made":null,"memorial":null,"museum":null,"name":null,"name:en":null,"name:es":null,"name:etymology:wikidata":null,"name:etymology:wikipedia":null,"name:id":null,"name:ms":null,"name:pt":null,"name:sk":null,"natural":"peak","kabupaten":null,"note":null,"opening_hours":null,"operator":null,"operator:type":null,"place":null,"prominence":null,"religion":null,"seamark:light:character":null,"seamark:light:colour":null,"seamark:light:height":null,"seamark:light:period":null,"seamark:light:range":null,"seamark:light:reference":null,"seamark:name":null,"smoking":null,"source":null,"sport":null,"surface":null,"tourism":null,"type":null,"volcano:status":null,"volcano:type":null,"waterway":null,"website":null,"wikidata":null,"wikimedia_commons":null,"wikipedia":null,"@geometry":null},"geometry":{"type":"Point","coordinates":[105.7799757,-5.8595505]}},
{"type":"Feature","properties":{"id":"node/3891186300","@id":"node/3891186300","Lapangan":null,"access":null,"addr:city":null,"addr:country":null,"addr:district":null,"addr:full":null,"addr:housename":null,"addr:neighbourhood":null,"addr:postcode":null,"addr:province":null,"addr:street":null,"addr:subdistrict":null,"addr:unit":null,"alt_name":null,"area":null,"boundary":null,"building":null,"charge":null,"check_date":null,"description":null,"ele":"1281","fee":null,"gns:dsg":"MT","historic":null,"inscription":null,"intermittent":null,"landuse":null,"last_eruption":null,"layer":null,"leisure":"mount","man_made":null,"memorial":null,"museum":null,"name":"Gunung Rajabasa","name:en":null,"name:es":null,"name:etymology:wikidata":null,"name:etymology:wikipedia":null,"name:id":null,"name:ms":null,"name:pt":null,"name:sk":null,"natural":"peak","kabupaten":null,"note":null,"opening_hours":null,"operator":null,"operator:type":null,"place":null,"prominence":"1259","religion":null,"seamark:light:character":null,"seamark:light:colour":null,"seamark:light:height":null,"seamark:light:period":null,"seamark:light:range":null,"seamark:light:reference":null,"seamark:name":null,"smoking":null,"source":"gunungbagging.com","sport":null,"surface":null,"tourism":null,"type":null,"volcano:status":null,"volcano:type":null,"waterway":null,"website":null,"wikidata":null,"wikimedia_commons":null,"wikipedia":null,"@geometry":null},"geometry":{"type":"Point","coordinates":[105.6273999,-5.7815291]}},
{"type":"Feature","properties":{"id":"node/4704696110","@id":"node/4704696110","Lapangan":null,"access":null,"addr:city":null,"addr:country":null,"addr:district":null,"addr:full":null,"addr:housename":null,"addr:neighbourhood":null,"addr:postcode":null,"addr:province":null,"addr:street":null,"addr:subdistrict":null,"addr:unit":null,"alt_name":null,"area":null,"boundary":null,"building":null,"charge":null,"check_date":null,"description":null,"ele":null,"fee":null,"gns:dsg":null,"historic":null,"inscription":null,"intermittent":null,"landuse":null,"last_eruption":null,"layer":null,"leisure":null,"man_made":null,"memorial":null,"museum":null,"name":null,"name:en":null,"name:es":null,"name:etymology:wikidata":null,"name:etymology:wikipedia":null,"name:id":null,"name:ms":null,"name:pt":null,"name:sk":null,"natural":"peak","kabupaten":null,"note":null,"opening_hours":null,"operator":null,"operator:type":null,"place":null,"prominence":null,"religion":null,"seamark:light:character":null,"seamark:light:colour":null,"seamark:light:height":null,"seamark:light:period":null,"seamark:light:range":null,"seamark:light:reference":null,"seamark:name":null,"smoking":null,"source":null,"sport":null,"surface":null,"tourism":null,"type":null,"volcano:status":null,"volcano:type":null,"waterway":null,"website":null,"wikidata":null,"wikimedia_commons":null,"wikipedia":null,"@geometry":null},"geometry":{"type":"Point","coordinates":[105.6421965,-5.8060819]}},
{"type":"Feature","properties":{"id":"node/5443930275","@id":"node/5443930275","Lapangan":null,"access":null,"addr:city":null,"addr:country":null,"addr:district":null,"addr:full":null,"addr:housename":null,"addr:neighbourhood":null,"addr:postcode":null,"addr:province":null,"addr:street":null,"addr:subdistrict":null,"addr:unit":null,"alt_name":null,"area":null,"boundary":null,"building":null,"charge":null,"check_date":null,"description":null,"ele":"1281","fee":null,"gns:dsg":null,"historic":null,"inscription":null,"intermittent":null,"landuse":null,"last_eruption":null,"layer":null,"leisure":null,"man_made":null,"memorial":null,"museum":null,"name":"Rajabasa","name:en":null,"name:es":null,"name:etymology:wikidata":null,"name:etymology:wikipedia":null,"name:id":null,"name:ms":null,"name:pt":null,"name:sk":null,"natural":"volcano","kabupaten":null,"note":null,"opening_hours":null,"operator":null,"operator:type":null,"place":null,"prominence":null,"religion":null,"seamark:light:character":null,"seamark:light:colour":null,"seamark:light:height":null,"seamark:light:period":null,"seamark:light:range":null,"seamark:light:reference":null,"seamark:name":null,"smoking":null,"source":null,"sport":null,"surface":null,"tourism":null,"type":null,"volcano:status":"extinct","volcano:type":"stratovolcano","waterway":null,"website":null,"wikidata":"Q42174","wikimedia_commons":"Category:Mount Rajabasa","wikipedia":"en:Rajabasa","@geometry":null},"geometry":{"type":"Point","coordinates":[105.6312928,-5.780602]}},
{"type":"Feature","properties":{"id":"node/5826209155","@id":"node/5826209155","Lapangan":null,"access":null,"addr:city":null,"addr:country":null,"addr:district":null,"addr:full":null,"addr:housename":null,"addr:neighbourhood":null,"addr:postcode":null,"addr:province":null,"addr:street":null,"addr:subdistrict":null,"addr:unit":null,"alt_name":null,"area":null,"boundary":null,"building":null,"charge":null,"check_date":null,"description":null,"ele":null,"fee":null,"gns:dsg":null,"historic":null,"inscription":null,"intermittent":null,"landuse":null,"last_eruption":null,"layer":null,"leisure":null,"man_made":null,"memorial":null,"museum":null,"name":null,"name:en":null,"name:es":null,"name:etymology:wikidata":null,"name:etymology:wikipedia":null,"name:id":null,"name:ms":null,"name:pt":null,"name:sk":null,"natural":null,"kabupaten":null,"note":null,"opening_hours":null,"operator":null,"operator:type":null,"place":null,"prominence":null,"religion":null,"seamark:light:character":null,"seamark:light:colour":null,"seamark:light:height":null,"seamark:light:period":null,"seamark:light:range":null,"seamark:light:reference":null,"seamark:name":null,"smoking":null,"source":null,"sport":null,"surface":null,"tourism":"attraction","type":null,"volcano:status":null,"volcano:type":null,"waterway":null,"website":null,"wikidata":null,"wikimedia_commons":null,"wikipedia":null,"@geometry":null},"geometry":{"type":"Point","coordinates":[105.5799944,-5.6788304]}},
{"type":"Feature","properties":{"id":"node/6737701339","@id":"node/6737701339","Lapangan":null,"access":null,"addr:city":null,"addr:country":null,"addr:district":null,"addr:full":null,"addr:housename":null,"addr:neighbourhood":null,"addr:postcode":null,"addr:province":null,"addr:street":null,"addr:subdistrict":null,"addr:unit":null,"alt_name":null,"area":null,"boundary":null,"building":null,"charge":null,"check_date":null,"description":null,"ele":null,"fee":null,"gns:dsg":null,"historic":null,"inscription":null,"intermittent":null,"landuse":null,"last_eruption":null,"layer":null,"leisure":"water_park","man_made":null,"memorial":null,"museum":null,"name":"Way Belerang Simpur","name:en":null,"name:es":null,"name:etymology:wikidata":null,"name:etymology:wikipedia":null,"name:id":null,"name:ms":null,"name:pt":null,"name:sk":null,"natural":"volcano","kabupaten":null,"note":null,"opening_hours":null,"operator":null,"operator:type":null,"place":null,"prominence":null,"religion":null,"seamark:light:character":null,"seamark:light:colour":null,"seamark:light:height":null,"seamark:light:period":null,"seamark:light:range":null,"seamark:light:reference":null,"seamark:name":null,"smoking":null,"source":null,"sport":null,"surface":null,"tourism":null,"type":null,"volcano:status":null,"volcano:type":null,"waterway":null,"website":null,"wikidata":null,"wikimedia_commons":null,"wikipedia":null,"@geometry":null},"geometry":{"type":"Point","coordinates":[105.6344037,-5.7519977]}},
{"type":"Feature","properties":{"id":"node/6939070098","@id":"node/6939070098","Lapangan":null,"access":null,"addr:city":null,"addr:country":null,"addr:district":null,"addr:full":null,"addr:housename":null,"addr:neighbourhood":null,"addr:postcode":null,"addr:province":null,"addr:street":null,"addr:subdistrict":null,"addr:unit":null,"alt_name":null,"area":null,"boundary":null,"building":null,"charge":null,"check_date":null,"description":null,"ele":null,"fee":null,"gns:dsg":null,"historic":"monument","inscription":null,"intermittent":null,"landuse":null,"last_eruption":null,"layer":null,"leisure":"tugu","man_made":null,"memorial":null,"museum":null,"name":"Raden Inten II Statue","name:en":null,"name:es":null,"name:etymology:wikidata":null,"name:etymology:wikipedia":null,"name:id":null,"name:ms":null,"name:pt":null,"name:sk":null,"natural":null,"kabupaten":null,"note":null,"opening_hours":null,"operator":null,"operator:type":null,"place":null,"prominence":null,"religion":null,"seamark:light:character":null,"seamark:light:colour":null,"seamark:light:height":null,"seamark:light:period":null,"seamark:light:range":null,"seamark:light:reference":null,"seamark:name":null,"smoking":null,"source":null,"sport":null,"surface":null,"tourism":null,"type":null,"volcano:status":null,"volcano:type":null,"waterway":null,"website":null,"wikidata":null,"wikimedia_commons":null,"wikipedia":null,"@geometry":null},"geometry":{"type":"Point","coordinates":[105.6912689,-5.7675819]}},
{"type":"Feature","properties":{"id":"node/6939070099","@id":"node/6939070099","Lapangan":null,"access":null,"addr:city":null,"addr:country":null,"addr:district":null,"addr:full":null,"addr:housename":null,"addr:neighbourhood":null,"addr:postcode":null,"addr:province":null,"addr:street":null,"addr:subdistrict":null,"addr:unit":null,"alt_name":null,"area":null,"boundary":null,"building":null,"charge":null,"check_date":null,"description":"Makam Raden Inten II","ele":null,"fee":null,"gns:dsg":null,"historic":"monument","inscription":"National Hero from Lampung","intermittent":null,"landuse":null,"last_eruption":null,"layer":null,"leisure":null,"man_made":null,"memorial":null,"museum":null,"name":"Makam Raden Inten II","name:en":null,"name:es":null,"name:etymology:wikidata":null,"name:etymology:wikipedia":null,"name:id":null,"name:ms":null,"name:pt":null,"name:sk":null,"natural":null,"kabupaten":null,"note":null,"opening_hours":null,"operator":null,"operator:type":null,"place":null,"prominence":null,"religion":"muslim","seamark:light:character":null,"seamark:light:colour":null,"seamark:light:height":null,"seamark:light:period":null,"seamark:light:range":null,"seamark:light:reference":null,"seamark:name":null,"smoking":null,"source":null,"sport":null,"surface":null,"tourism":null,"type":null,"volcano:status":null,"volcano:type":null,"waterway":null,"website":null,"wikidata":null,"wikimedia_commons":null,"wikipedia":null,"@geometry":null},"geometry":{"type":"Point","coordinates":[105.691497,-5.7678352]}},
{"type":"Feature","properties":{"id":"node/11007638844","@id":"node/11007638844","Lapangan":null,"access":"yes","addr:city":null,"addr:country":null,"addr:district":null,"addr:full":null,"addr:housename":null,"addr:neighbourhood":null,"addr:postcode":null,"addr:province":null,"addr:street":null,"addr:subdistrict":null,"addr:unit":null,"alt_name":null,"area":null,"boundary":null,"building":null,"charge":null,"check_date":null,"description":null,"ele":null,"fee":null,"gns:dsg":null,"historic":"monument","inscription":null,"intermittent":null,"landuse":null,"last_eruption":null,"layer":null,"leisure":"tugu","man_made":null,"memorial":"building","museum":null,"name":"Menara Siger","name:en":null,"name:es":null,"name:etymology:wikidata":null,"name:etymology:wikipedia":null,"name:id":null,"name:ms":null,"name:pt":null,"name:sk":null,"natural":null,"kabupaten":null,"note":null,"opening_hours":null,"operator":null,"operator:type":null,"place":null,"prominence":null,"religion":null,"seamark:light:character":null,"seamark:light:colour":null,"seamark:light:height":null,"seamark:light:period":null,"seamark:light:range":null,"seamark:light:reference":null,"seamark:name":null,"smoking":null,"source":null,"sport":null,"surface":null,"tourism":null,"type":null,"volcano:status":null,"volcano:type":null,"waterway":null,"website":null,"wikidata":null,"wikimedia_commons":null,"wikipedia":null,"@geometry":null},"geometry":{"type":"Point","coordinates":[105.7497984,-5.8653476]}},
{"type":"Feature","properties":{"id":"node/11471941462","@id":"node/11471941462","Lapangan":null,"access":null,"addr:city":null,"addr:country":null,"addr:district":null,"addr:full":null,"addr:housename":null,"addr:neighbourhood":null,"addr:postcode":null,"addr:province":null,"addr:street":null,"addr:subdistrict":null,"addr:unit":null,"alt_name":null,"area":null,"boundary":null,"building":null,"charge":null,"check_date":null,"description":null,"ele":null,"fee":null,"gns:dsg":null,"historic":null,"inscription":null,"intermittent":null,"landuse":null,"last_eruption":null,"layer":null,"leisure":"beach","man_made":null,"memorial":null,"museum":null,"name":"Pantai Aruna","name:en":null,"name:es":null,"name:etymology:wikidata":null,"name:etymology:wikipedia":null,"name:id":null,"name:ms":null,"name:pt":null,"name:sk":null,"natural":"beach","kabupaten":null,"note":null,"opening_hours":null,"operator":null,"operator:type":null,"place":null,"prominence":null,"religion":null,"seamark:light:character":null,"seamark:light:colour":null,"seamark:light:height":null,"seamark:light:period":null,"seamark:light:range":null,"seamark:light:reference":null,"seamark:name":null,"smoking":null,"source":null,"sport":null,"surface":"sand","tourism":null,"type":null,"volcano:status":null,"volcano:type":null,"waterway":null,"website":null,"wikidata":null,"wikimedia_commons":null,"wikipedia":null,"@geometry":null},"geometry":{"type":"Point","coordinates":[105.5454725,-5.6679686]}},
{"type":"Feature","properties":{"id":"node/11553526245","@id":"node/11553526245","Lapangan":null,"access":null,"addr:city":null,"addr:country":null,"addr:district":null,"addr:full":null,"addr:housename":null,"addr:neighbourhood":null,"addr:postcode":null,"addr:province":null,"addr:street":null,"addr:subdistrict":null,"addr:unit":null,"alt_name":null,"area":null,"boundary":null,"building":null,"charge":null,"check_date":null,"description":null,"ele":null,"fee":null,"gns:dsg":null,"historic":null,"inscription":null,"intermittent":null,"landuse":null,"last_eruption":null,"layer":null,"leisure":"park","man_made":null,"memorial":null,"museum":null,"name":"Siger Park Bakauheni Harbour City","name:en":null,"name:es":null,"name:etymology:wikidata":null,"name:etymology:wikipedia":null,"name:id":null,"name:ms":null,"name:pt":null,"name:sk":null,"natural":null,"kabupaten":null,"note":null,"opening_hours":null,"operator":"Bakauheni Harbour City","operator:type":"public","place":null,"prominence":null,"religion":null,"seamark:light:character":null,"seamark:light:colour":null,"seamark:light:height":null,"seamark:light:period":null,"seamark:light:range":null,"seamark:light:reference":null,"seamark:name":null,"smoking":null,"source":null,"sport":null,"surface":null,"tourism":null,"type":null,"volcano:status":null,"volcano:type":null,"waterway":null,"website":null,"wikidata":null,"wikimedia_commons":null,"wikipedia":null,"@geometry":null},"geometry":{"type":"Point","coordinates":[105.7496465,-5.8639763]}},
{"type":"Feature","properties":{"id":"node/12878280401","@id":"node/12878280401","Lapangan":null,"access":null,"addr:city":null,"addr:country":null,"addr:district":null,"addr:full":null,"addr:housename":null,"addr:neighbourhood":null,"addr:postcode":null,"addr:province":null,"addr:street":null,"addr:subdistrict":null,"addr:unit":null,"alt_name":null,"area":null,"boundary":null,"building":null,"charge":null,"check_date":null,"description":null,"ele":null,"fee":null,"gns:dsg":null,"historic":null,"inscription":null,"intermittent":null,"landuse":null,"last_eruption":null,"layer":null,"leisure":null,"man_made":null,"memorial":null,"museum":null,"name":null,"name:en":null,"name:es":null,"name:etymology:wikidata":null,"name:etymology:wikipedia":null,"name:id":null,"name:ms":null,"name:pt":null,"name:sk":null,"natural":null,"kabupaten":null,"note":null,"opening_hours":null,"operator":null,"operator:type":null,"place":null,"prominence":null,"religion":null,"seamark:light:character":null,"seamark:light:colour":null,"seamark:light:height":null,"seamark:light:period":null,"seamark:light:range":null,"seamark:light:reference":null,"seamark:name":null,"smoking":null,"source":null,"sport":null,"surface":null,"tourism":"viewpoint","type":null,"volcano:status":null,"volcano:type":null,"waterway":null,"website":null,"wikidata":null,"wikimedia_commons":null,"wikipedia":null,"@geometry":null},"geometry":{"type":"Point","coordinates":[105.4245527,-6.09912]}},
{"type":"Feature","properties":{"id":"node/12878280501","@id":"node/12878280501","Lapangan":null,"access":null,"addr:city":null,"addr:country":null,"addr:district":null,"addr:full":null,"addr:housename":null,"addr:neighbourhood":null,"addr:postcode":null,"addr:province":null,"addr:street":null,"addr:subdistrict":null,"addr:unit":null,"alt_name":null,"area":null,"boundary":null,"building":null,"charge":null,"check_date":null,"description":null,"ele":null,"fee":null,"gns:dsg":null,"historic":null,"inscription":null,"intermittent":null,"landuse":null,"last_eruption":null,"layer":null,"leisure":null,"man_made":null,"memorial":null,"museum":null,"name":null,"name:en":null,"name:es":null,"name:etymology:wikidata":null,"name:etymology:wikipedia":null,"name:id":null,"name:ms":null,"name:pt":null,"name:sk":null,"natural":null,"kabupaten":null,"note":null,"opening_hours":null,"operator":null,"operator:type":null,"place":null,"prominence":null,"religion":null,"seamark:light:character":null,"seamark:light:colour":null,"seamark:light:height":null,"seamark:light:period":null,"seamark:light:range":null,"seamark:light:reference":null,"seamark:name":null,"smoking":null,"source":null,"sport":null,"surface":null,"tourism":"viewpoint","type":null,"volcano:status":null,"volcano:type":null,"waterway":null,"website":null,"wikidata":null,"wikimedia_commons":null,"wikipedia":null,"@geometry":null},"geometry":{"type":"Point","coordinates":[105.4261811,-6.1000163]}}
]
}
